Transaction_ID,Instructor_ID,Student_ID,Course_Name,Rating_class,Class_recommendation,Final_Score,Instructor_rating,Registered_date
1,1,1878,15,3,No,10,5,6/15/2018
2,7,267,14,2,Yes,5,3,4/10/2021
3,4,554,43,4,Yes,7,4,12/30/2017
4,12,828,53,3,Yes,2,4,6/7/2017
5,9,840,9,1,No,7,4,3/12/2017
6,1,959,18,1,No,10,5,3/1/2017
7,10,1507,30,1,Yes,5,5,4/25/2018
8,6,1678,46,3,No,8,2,4/26/2019
9,9,1275,45,3,Yes,8,3,3/12/2019
10,8,500,27,1,No,3,5,2/28/2019
11,11,646,17,2,No,1,5,11/26/2017
12,7,681,25,5,Yes,10,3,8/11/2017
13,8,243,11,1,Yes,1,5,6/21/2017
14,12,109,13,3,Yes,3,2,10/12/2019
15,8,14,47,5,Yes,1,2,3/10/2019
16,9,1193,53,5,Yes,2,3,9/10/2019
17,2,746,21,5,Yes,1,3,2/12/2021
18,7,1278,47,3,No,2,4,4/11/2019
19,10,948,21,4,No,1,4,4/17/2018
20,8,1115,46,5,No,4,1,6/13/2017
21,1,636,14,4,No,5,3,4/8/2020
22,1,4,18,5,No,10,3,9/29/2020
23,6,270,32,2,Yes,3,5,3/29/2021
24,7,1225,16,2,No,1,1,11/11/2018
25,12,1852,46,2,No,5,5,6/8/2019
26,2,1050,29,2,Yes,8,1,1/31/2021
27,5,431,9,2,Yes,1,3,5/1/2019
28,3,1825,7,3,No,3,4,11/24/2018
29,11,1863,2,4,No,10,3,9/24/2020
30,9,1587,55,3,No,7,1,1/14/2020
31,1,724,35,1,Yes,3,5,12/23/2019
32,5,1799,16,2,Yes,5,5,2/23/2020
33,4,428,38,2,Yes,10,3,4/12/2017
34,5,117,2,5,Yes,5,5,3/17/2018
35,7,1524,46,4,Yes,10,1,4/2/2021
36,10,441,58,2,Yes,3,2,6/15/2019
37,10,242,47,1,Yes,4,4,1/27/2017
38,12,452,52,2,No,8,1,9/4/2020
39,7,1491,35,2,No,1,1,10/8/2019
40,2,1037,19,4,No,7,5,5/24/2020
41,10,1574,37,2,Yes,8,2,1/7/2021
42,5,433,15,1,Yes,8,1,8/16/2020
43,10,686,56,1,Yes,9,4,12/21/2019
44,4,1568,13,2,No,3,2,2/1/2019
45,7,446,5,4,Yes,10,4,1/17/2020
46,5,444,41,1,No,1,5,3/4/2018
47,12,1417,60,1,Yes,8,1,10/15/2017
48,2,990,46,4,Yes,7,1,6/5/2019
49,9,1486,2,5,No,8,1,2/20/2021
50,3,635,22,4,No,8,2,6/13/2020
51,7,6,33,1,Yes,7,2,4/23/2017
52,4,986,20,5,No,2,3,4/30/2018
53,5,1764,6,3,No,1,4,9/3/2017
54,10,1069,18,1,Yes,2,1,3/10/2021
55,5,1375,56,1,No,7,3,9/6/2020
56,7,1839,46,3,No,9,5,3/16/2018
57,12,203,6,3,No,4,2,5/21/2021
58,7,1663,17,2,No,7,5,8/14/2020
59,9,1156,29,5,Yes,7,3,4/9/2017
60,5,1415,38,5,No,5,5,11/24/2018
61,9,1606,11,5,Yes,4,3,6/1/2017
62,8,1174,46,3,No,3,4,10/24/2020
63,5,1177,28,4,No,5,3,1/3/2019
64,9,392,16,3,Yes,3,3,8/1/2020
65,1,1422,19,5,No,4,3,2/12/2018
66,4,1200,3,2,No,10,5,2/14/2017
67,3,1730,20,3,No,4,5,3/9/2018
68,2,1291,16,1,Yes,5,2,1/3/2018
69,3,1162,46,1,Yes,3,1,3/30/2019
70,12,1625,9,4,No,7,5,12/20/2018
71,4,1844,2,4,Yes,4,3,6/27/2018
72,12,210,18,4,Yes,7,5,4/28/2021
73,7,1407,22,3,No,2,1,6/18/2020
74,12,292,29,1,Yes,7,4,2/27/2021
75,2,1926,41,2,Yes,6,5,10/28/2020
76,2,1265,24,1,No,9,5,6/7/2017
77,2,1775,56,1,No,9,5,4/1/2018
78,4,1958,55,5,No,5,4,10/26/2017
79,12,377,49,3,Yes,7,2,11/5/2017
80,3,1298,21,2,Yes,6,5,6/24/2020
81,8,741,44,4,No,6,1,4/1/2021
82,11,1633,58,3,Yes,9,3,10/28/2017
83,5,240,17,5,No,1,4,10/6/2019
84,7,361,28,4,Yes,9,2,2/10/2018
85,6,1046,8,4,Yes,8,1,1/9/2020
86,7,1928,48,2,No,2,1,5/8/2020
87,5,803,53,3,Yes,5,5,4/6/2020
88,11,1735,43,5,No,10,3,3/6/2020
89,12,854,37,4,Yes,2,4,5/5/2017
90,10,723,18,1,Yes,5,3,9/27/2019
91,8,463,17,1,Yes,7,1,10/15/2020
92,11,1942,48,5,Yes,6,2,6/11/2020
93,12,1500,23,2,Yes,2,2,12/24/2019
94,9,1060,47,2,Yes,7,3,4/6/2020
95,8,436,42,1,Yes,7,5,10/12/2019
96,2,625,5,5,No,10,4,5/7/2020
97,10,313,41,1,No,3,2,8/25/2018
98,3,1065,32,5,Yes,2,2,5/22/2019
99,6,1066,54,1,Yes,2,3,1/11/2020
100,2,1676,14,1,No,8,3,3/14/2017
101,9,1843,6,1,Yes,4,5,10/7/2017
102,8,660,37,3,No,5,4,3/2/2019
103,12,320,53,5,No,2,4,1/6/2019
104,1,1411,57,2,Yes,6,3,5/12/2019
105,5,1626,42,5,No,5,5,5/16/2019
106,2,337,25,3,No,6,3,9/18/2020
107,9,1083,45,1,No,4,5,9/11/2020
108,2,125,44,4,Yes,5,5,3/22/2021
109,8,962,52,3,Yes,9,5,3/16/2020
110,5,595,39,3,No,7,2,12/28/2020
111,2,1070,53,2,Yes,7,2,5/22/2017
112,9,1532,3,5,Yes,7,5,7/7/2020
113,1,374,52,3,No,8,3,11/16/2020
114,4,137,53,3,No,7,5,5/19/2018
115,4,1122,2,4,No,7,3,2/2/2018
116,2,1936,51,2,Yes,3,3,1/18/2019
117,7,866,45,3,No,1,3,6/12/2020
118,4,1738,6,1,Yes,2,1,4/20/2021
119,3,1433,51,2,Yes,4,3,1/6/2017
120,7,1455,41,5,No,3,2,6/26/2017
121,10,946,13,5,Yes,1,3,6/29/2020
122,4,1257,45,4,Yes,1,4,2/19/2021
123,8,674,24,3,No,1,1,1/21/2021
124,8,161,58,5,Yes,3,1,6/23/2018
125,1,1547,25,4,Yes,4,1,8/9/2019
126,11,886,45,5,Yes,9,4,4/9/2020
127,10,1429,20,2,Yes,5,2,7/21/2017
128,2,1521,50,4,Yes,2,2,3/24/2020
129,3,1929,60,3,No,6,4,9/30/2019
130,6,1453,15,5,Yes,8,3,9/9/2018
131,4,1582,18,2,Yes,4,1,12/8/2019
132,4,1273,3,5,Yes,5,2,3/28/2021
133,9,1350,5,2,No,7,1,5/12/2021
134,5,354,57,1,No,2,4,2/26/2017
135,2,1033,46,1,No,4,2,2/7/2018
136,5,861,23,3,No,10,3,6/25/2019
137,5,1243,32,5,Yes,6,1,8/7/2019
138,3,1623,60,4,No,4,2,4/18/2018
139,7,906,16,2,Yes,1,5,10/14/2019
140,1,1706,25,4,Yes,1,1,5/23/2021
141,6,1793,12,1,Yes,1,4,4/1/2021
142,12,1488,47,3,No,9,1,8/3/2020
143,12,1897,37,1,Yes,8,3,3/31/2020
144,1,954,29,3,Yes,3,2,2/2/2019
145,11,918,22,3,No,6,5,5/2/2019
146,3,1351,22,4,Yes,6,2,9/19/2018
147,8,481,3,1,Yes,7,4,12/23/2017
148,2,466,10,4,Yes,6,5,8/23/2018
149,7,1246,11,3,Yes,1,2,10/3/2019
150,2,1898,44,4,Yes,6,1,9/19/2018
151,1,1719,41,2,Yes,1,1,4/26/2020
152,10,1867,10,2,Yes,2,1,12/14/2020
153,4,1014,14,2,Yes,3,1,3/21/2018
154,12,389,60,4,No,4,4,11/6/2017
155,2,744,7,3,Yes,5,4,6/22/2020
156,4,321,1,4,Yes,4,2,7/3/2017
157,7,1208,10,4,Yes,7,1,9/16/2019
158,10,1438,10,5,No,8,1,9/10/2020
159,11,1129,2,3,No,9,3,8/23/2020
160,4,386,31,1,Yes,1,4,9/4/2018
161,10,415,2,2,Yes,9,4,9/1/2019
162,4,1400,33,1,Yes,10,3,4/30/2021
163,9,1636,43,2,Yes,7,4,7/13/2017
164,1,347,54,2,No,10,1,3/7/2017
165,4,1537,48,5,Yes,10,5,5/21/2017
166,11,420,53,1,No,8,1,10/15/2019
167,12,1279,31,5,No,3,1,8/18/2020
168,3,310,13,3,Yes,5,4,3/16/2017
169,9,1222,23,1,No,6,1,9/6/2018
170,5,1283,60,2,No,2,2,5/31/2019
171,9,1189,29,5,Yes,7,2,10/1/2019
172,10,1052,7,2,Yes,5,5,11/8/2020
173,11,299,52,5,Yes,3,5,1/1/2018
174,10,557,10,1,No,4,2,4/10/2019
175,2,1091,8,1,Yes,9,2,4/25/2019
176,9,1895,20,4,Yes,1,3,7/12/2020
177,9,1932,58,4,Yes,7,4,11/17/2019
178,8,1660,40,5,Yes,3,5,4/20/2020
179,11,615,2,3,Yes,9,2,6/20/2019
180,5,761,19,4,Yes,10,1,2/24/2017
181,2,1141,42,2,Yes,5,4,1/16/2017
182,4,46,44,2,No,4,1,1/29/2020
183,11,1471,9,1,Yes,3,2,8/7/2019
184,1,1339,35,3,No,8,1,2/27/2019
185,5,284,55,5,No,6,2,3/7/2020
186,1,1662,30,2,Yes,10,1,9/16/2020
187,4,513,29,2,Yes,8,1,10/5/2018
188,2,1483,46,2,No,5,5,4/8/2019
189,5,727,56,2,No,10,3,11/7/2020
190,7,1330,32,1,Yes,2,2,11/6/2019
191,12,902,43,2,No,9,1,5/20/2020
192,11,322,34,2,Yes,10,1,1/11/2021
193,1,1389,34,4,Yes,3,5,12/1/2017
194,2,786,45,5,No,7,3,11/30/2019
195,4,515,43,3,No,2,2,1/12/2019
196,1,196,43,5,Yes,10,5,1/10/2021
197,8,652,51,5,No,7,3,12/7/2017
198,6,599,6,3,Yes,3,5,8/23/2019
199,9,1647,20,2,Yes,2,4,1/10/2017
200,9,475,7,5,No,8,3,6/19/2020
201,12,214,59,1,No,6,3,12/15/2017
202,9,1380,6,5,Yes,3,2,11/29/2019
203,3,1204,48,4,Yes,4,5,5/11/2019
204,3,417,56,4,Yes,5,2,1/21/2018
205,3,370,14,3,Yes,7,3,8/4/2017
206,6,477,55,2,Yes,6,3,10/19/2017
207,6,658,60,5,Yes,10,2,3/7/2017
208,5,623,30,5,Yes,6,2,9/28/2017
209,6,304,56,2,No,4,2,1/30/2020
210,8,1559,32,1,No,6,4,4/28/2019
211,6,1388,56,3,No,4,4,3/16/2017
212,9,18,51,4,No,9,4,2/10/2017
213,11,1347,9,2,No,4,1,11/14/2018
214,10,495,31,5,Yes,6,2,2/13/2020
215,5,1617,33,1,No,7,5,6/2/2020
216,12,519,2,4,No,10,4,12/3/2020
217,4,1300,52,4,Yes,8,2,4/16/2020
218,12,1569,51,3,No,9,1,10/2/2018
219,11,445,53,3,No,2,1,11/2/2019
220,1,1910,48,2,No,6,1,11/7/2020
221,7,431,44,3,Yes,3,2,7/3/2019
222,12,1188,25,5,Yes,6,1,5/7/2019
223,2,345,27,4,No,7,5,1/3/2021
224,6,550,36,2,No,2,4,2/25/2017
225,5,634,16,3,Yes,2,3,8/21/2017
226,6,287,30,2,Yes,6,4,10/19/2019
227,6,64,8,3,Yes,8,4,3/6/2021
228,11,1282,49,4,Yes,5,1,11/10/2019
229,3,775,54,2,Yes,7,1,5/29/2021
230,9,593,60,5,No,6,1,1/10/2019
231,6,915,24,2,No,7,3,8/31/2020
232,2,179,11,4,No,2,1,11/26/2019
233,12,571,54,1,Yes,1,2,3/24/2021
234,9,139,5,3,No,6,3,12/13/2020
235,3,1352,41,2,Yes,1,4,9/1/2019
236,5,1327,57,2,Yes,3,3,12/8/2017
237,5,1542,12,1,Yes,2,3,1/4/2017
238,4,1244,51,4,Yes,8,5,7/21/2018
239,2,1376,37,2,Yes,7,4,11/13/2018
240,1,1133,14,3,No,7,2,8/7/2020
241,6,1665,60,1,No,6,2,4/27/2019
242,1,1276,12,3,No,3,1,3/2/2020
243,8,893,30,4,No,9,2,12/12/2017
244,10,1485,51,1,Yes,4,4,1/12/2021
245,5,1586,57,5,No,7,5,12/11/2018
246,8,1252,8,1,No,9,2,12/21/2019
247,9,1610,21,3,Yes,8,4,2/10/2021
248,11,896,5,5,Yes,9,1,4/29/2017
249,12,1431,60,5,Yes,2,1,10/10/2018
250,9,1742,59,2,Yes,2,5,8/14/2020
251,12,1134,10,3,No,8,4,10/27/2019
252,9,771,58,5,Yes,2,5,1/21/2020
253,10,1114,10,2,No,9,3,10/31/2018
254,11,38,5,1,Yes,9,3,4/10/2019
255,3,450,17,4,No,9,3,7/11/2019
256,6,785,35,4,No,5,2,5/24/2018
257,9,360,5,1,No,4,1,4/3/2018
258,11,721,22,1,No,4,4,10/14/2018
259,6,1571,25,1,Yes,10,5,12/13/2017
260,12,705,35,1,No,2,4,7/22/2020
261,6,1163,49,5,Yes,6,5,2/7/2020
262,8,600,18,4,Yes,5,4,11/10/2020
263,11,1468,51,4,Yes,10,5,8/7/2018
264,5,750,43,5,No,8,1,8/29/2017
265,7,484,52,4,No,1,4,2/26/2019
266,4,602,20,4,No,8,4,4/17/2017
267,12,1290,30,3,No,9,3,8/15/2018
268,8,860,51,5,Yes,6,5,1/5/2019
269,1,768,52,2,Yes,8,5,11/18/2018
270,8,1001,30,4,Yes,4,2,1/29/2018
271,3,1263,29,5,Yes,6,1,4/17/2019
272,11,113,34,4,Yes,4,2,3/7/2017
273,11,1207,18,4,No,2,2,3/8/2017
274,4,129,47,5,No,6,4,7/30/2018
275,12,947,49,3,Yes,8,2,11/25/2020
276,10,1056,53,4,Yes,10,3,3/25/2020
277,7,168,58,2,Yes,4,1,11/12/2019
278,12,1506,1,2,No,3,2,1/12/2018
279,11,1126,15,2,No,8,1,9/6/2019
280,10,596,6,1,No,4,4,10/10/2020
281,3,516,53,1,No,5,4,2/21/2021
282,1,1031,50,4,No,9,2,3/19/2018
283,8,1113,13,4,No,9,3,4/24/2017
284,2,1104,23,1,No,5,2,5/13/2020
285,10,1475,49,5,Yes,8,3,12/25/2017
286,10,988,13,2,Yes,7,3,6/18/2018
287,8,824,22,5,No,1,1,5/1/2017
288,5,271,9,2,No,2,4,12/24/2017
289,6,1232,23,2,Yes,2,5,12/3/2020
290,9,389,20,1,Yes,8,3,8/25/2018
291,12,1632,47,1,No,3,4,11/18/2018
292,3,296,47,5,Yes,4,5,8/24/2018
293,12,1148,35,2,Yes,3,4,2/19/2019
294,2,933,32,4,No,9,1,9/14/2020
295,8,992,52,5,Yes,10,4,10/5/2018
296,8,1875,60,3,No,1,3,12/18/2019
297,11,541,16,5,Yes,8,4,10/19/2018
298,7,606,53,1,No,2,4,1/6/2019
299,9,1157,2,2,No,9,1,4/11/2020
300,9,1240,54,3,No,7,5,7/6/2018
301,4,790,48,2,No,8,5,1/13/2018
302,12,331,33,1,Yes,8,3,1/6/2018
303,3,1020,2,5,No,3,2,4/25/2020
304,12,1312,47,5,Yes,4,4,4/29/2018
305,12,611,40,5,Yes,10,2,11/18/2017
306,6,791,37,4,No,5,2,10/2/2019
307,2,870,16,5,Yes,6,3,4/14/2020
308,7,1882,12,5,No,8,1,3/25/2017
309,12,493,60,3,No,5,3,8/20/2017
310,1,814,49,4,No,6,5,2/16/2017
311,9,57,27,5,No,2,3,11/10/2017
312,5,424,41,5,Yes,1,2,3/30/2018
313,3,642,10,5,Yes,4,1,3/17/2018
314,11,1004,18,5,Yes,5,2,3/24/2017
315,4,1322,31,3,Yes,7,3,3/31/2017
316,9,929,45,1,No,3,5,4/22/2019
317,11,1792,36,1,Yes,9,3,1/1/2018
318,12,935,49,4,No,7,2,7/23/2020
319,9,9,29,4,No,5,4,9/11/2017
320,8,822,56,3,No,1,2,6/5/2018
321,12,549,14,2,Yes,7,4,4/21/2021
322,7,1557,28,5,Yes,5,5,6/9/2018
323,2,699,60,4,Yes,6,2,6/15/2020
324,12,1716,49,5,No,1,4,6/29/2019
325,8,1420,26,4,No,1,3,5/9/2021
326,3,732,6,1,Yes,6,2,2/24/2020
327,4,1221,9,1,Yes,3,1,11/4/2019
328,10,997,27,1,No,9,1,9/17/2017
329,6,1079,42,5,Yes,4,3,1/13/2017
330,11,1311,10,2,No,6,2,6/17/2019
331,6,1416,12,5,No,7,5,9/24/2017
332,5,1781,56,2,No,3,3,6/6/2019
333,9,535,18,3,Yes,6,5,10/20/2017
334,1,778,42,3,No,3,1,6/14/2018
335,10,311,60,5,No,5,4,5/7/2020
336,11,632,5,2,Yes,1,5,12/14/2017
337,3,1827,13,5,Yes,8,4,3/4/2017
338,11,983,37,4,Yes,7,1,8/14/2020
339,12,1834,49,2,Yes,2,1,4/25/2017
340,9,909,58,2,Yes,8,4,5/3/2017
341,10,789,8,2,No,6,3,10/10/2018
342,9,591,11,3,No,1,3,3/1/2020
343,1,831,1,2,No,7,4,5/5/2017
344,12,1693,17,5,Yes,1,2,8/27/2020
345,5,300,18,4,Yes,10,4,3/7/2017
346,4,1531,52,2,No,10,2,7/23/2017
347,11,1675,51,5,Yes,3,5,6/20/2018
348,11,352,24,1,No,1,5,1/6/2020
349,3,725,19,4,Yes,8,5,6/12/2018
350,1,1940,12,3,Yes,6,1,9/19/2017
351,1,1089,24,2,Yes,1,3,8/18/2017
352,9,380,34,2,No,4,3,12/1/2020
353,11,907,40,5,No,3,2,8/2/2017
354,6,1859,36,4,Yes,4,3,6/6/2018
355,9,1030,21,4,Yes,8,4,9/17/2018
356,3,171,45,2,Yes,2,1,1/2/2021
357,8,21,11,3,No,8,4,6/21/2017
358,2,1099,45,4,No,8,3,8/3/2019
359,5,670,17,3,Yes,2,1,1/11/2018
360,2,1334,12,1,No,4,4,2/1/2019
361,12,1383,44,4,Yes,5,3,8/16/2019
362,5,1223,57,2,Yes,4,5,2/24/2019
363,4,1505,41,2,No,1,2,1/31/2019
364,6,1919,53,5,No,7,1,8/26/2017
365,7,1869,8,3,Yes,5,1,9/26/2017
366,10,143,20,4,Yes,1,2,8/26/2018
367,10,505,30,3,Yes,5,2,2/1/2017
368,9,647,48,2,Yes,3,1,3/2/2017
369,8,1268,47,5,No,8,2,2/7/2018
370,7,1544,20,2,Yes,6,5,10/28/2017
371,5,1879,42,1,No,7,3,1/9/2020
372,5,1386,34,5,No,10,3,12/9/2017
373,10,564,23,4,Yes,10,5,4/26/2018
374,9,1747,11,4,No,1,5,9/30/2019
375,11,1956,46,2,No,6,5,11/15/2017
376,2,1774,6,5,No,9,1,12/30/2018
377,12,268,54,5,No,7,1,4/9/2021
378,8,1408,26,1,No,9,2,9/23/2019
379,6,1512,57,3,No,2,3,10/11/2018
380,5,1837,39,2,Yes,7,5,8/8/2018
381,2,1723,41,1,Yes,3,1,8/23/2017
382,5,1806,3,5,No,6,1,8/20/2018
383,7,1228,30,4,No,2,1,8/20/2017
384,10,575,51,4,No,5,4,2/11/2021
385,11,751,15,3,Yes,5,5,4/2/2021
386,12,425,8,5,Yes,6,4,3/19/2018
387,7,1564,2,1,No,8,4,8/26/2019
388,10,1766,26,2,Yes,7,2,7/2/2019
389,3,533,4,2,Yes,1,1,2/9/2019
390,5,967,10,3,No,2,5,5/27/2018
391,6,1689,54,5,Yes,6,1,8/28/2019
392,4,729,11,2,Yes,2,5,9/30/2020
393,9,620,52,3,Yes,8,2,4/14/2019
394,7,388,54,2,No,7,3,11/15/2020
395,4,1164,41,1,Yes,7,5,2/10/2019
396,9,514,22,2,Yes,4,1,4/29/2020
397,8,568,36,3,No,7,2,7/29/2017
398,10,194,11,4,No,4,3,4/24/2019
399,7,84,36,1,Yes,10,2,9/8/2018
400,9,1931,52,4,Yes,10,2,10/20/2018
401,2,401,22,5,No,10,3,11/6/2019
402,11,525,49,1,Yes,10,5,5/27/2017
403,9,651,10,2,Yes,9,1,12/3/2020
404,4,989,33,2,No,8,5,12/1/2018
405,7,1814,52,4,Yes,3,2,2/20/2019
406,7,1558,42,2,No,6,1,11/5/2017
407,12,1195,57,2,Yes,4,2,11/21/2020
408,8,1272,21,3,No,5,3,3/3/2019
409,9,1328,16,5,No,9,5,10/23/2019
410,2,1823,49,5,No,8,4,7/16/2020
411,2,1644,13,3,No,3,3,6/13/2017
412,7,1286,49,2,No,4,1,4/26/2021
413,3,680,2,3,Yes,7,1,5/12/2020
414,8,1428,15,3,Yes,4,3,2/22/2020
415,1,75,1,1,Yes,5,3,2/14/2021
416,6,1640,26,2,Yes,6,4,6/29/2019
417,9,1390,46,4,No,8,4,12/17/2017
418,6,306,44,4,No,7,2,1/9/2021
419,5,1285,25,1,Yes,7,5,7/27/2017
420,9,1025,7,4,No,4,2,8/20/2017
421,10,1419,52,5,Yes,2,3,3/14/2018
422,1,1741,25,2,Yes,9,1,8/7/2018
423,5,1802,30,4,No,3,1,4/16/2020
424,4,1481,27,3,Yes,8,5,3/9/2018
425,5,1245,55,1,No,5,3,2/9/2018
426,3,233,11,3,No,3,5,1/31/2018
427,5,796,8,1,No,2,4,12/8/2020
428,10,496,2,2,No,6,5,5/12/2017
429,6,371,4,3,Yes,7,4,10/17/2019
430,4,1809,23,5,Yes,4,3,8/6/2018
431,4,892,59,4,No,1,1,8/13/2017
432,12,1947,32,1,Yes,6,4,9/26/2019
433,10,1927,24,2,Yes,4,5,12/8/2019
434,1,1197,3,2,Yes,6,5,3/1/2017
435,9,598,40,1,No,5,4,11/21/2017
436,2,1397,60,4,Yes,9,5,4/9/2017
437,8,1324,52,2,Yes,10,2,8/18/2020
438,11,219,4,4,Yes,6,4,7/10/2020
439,9,324,15,1,Yes,10,4,9/5/2017
440,12,930,19,1,No,3,3,11/30/2017
441,10,1790,35,4,Yes,5,2,7/6/2019
442,4,273,48,2,No,1,1,8/21/2017
443,7,1801,15,4,Yes,1,5,10/29/2017
444,10,1518,55,4,Yes,2,2,2/24/2020
445,5,677,51,2,No,8,2,8/7/2018
446,8,497,44,3,Yes,9,1,10/23/2017
447,9,943,29,3,No,3,5,2/7/2021
448,1,1611,6,5,No,3,4,5/1/2021
449,12,755,57,2,Yes,6,1,3/25/2020
450,9,937,6,3,Yes,3,4,1/4/2019
451,9,258,32,2,Yes,5,1,3/7/2017
452,4,1131,12,3,Yes,6,2,11/6/2018
453,3,33,56,5,No,9,1,12/23/2019
454,12,385,16,3,No,5,2,10/10/2018
455,6,1918,11,3,No,9,5,3/10/2019
456,2,140,50,5,Yes,9,2,8/17/2018
457,4,439,10,4,Yes,4,5,8/30/2017
458,11,77,33,4,Yes,2,1,5/6/2018
459,9,931,30,3,Yes,6,4,12/23/2018
460,6,1641,25,2,Yes,5,4,8/1/2018
461,9,781,12,5,No,10,4,5/12/2020
462,1,188,26,5,Yes,4,3,2/12/2018
463,5,343,50,3,No,1,2,10/22/2020
464,1,211,39,5,Yes,1,1,4/30/2019
465,7,1861,20,4,No,10,5,5/24/2019
466,12,863,17,5,Yes,10,2,4/20/2017
467,11,1699,16,5,No,1,3,12/26/2018
468,4,1832,55,2,No,8,3,10/7/2018
469,4,1925,52,5,Yes,10,3,2/4/2018
470,5,1125,5,2,Yes,3,4,2/9/2017
471,3,794,36,3,Yes,4,1,10/28/2017
472,7,410,46,2,Yes,9,4,6/16/2017
473,4,1944,31,5,Yes,5,5,3/19/2018
474,10,301,40,4,No,4,3,11/5/2020
475,12,1214,27,1,No,10,5,10/2/2020
476,11,1332,52,4,Yes,6,2,12/24/2019
477,11,1314,25,3,No,2,3,7/27/2019
478,8,1178,13,2,Yes,9,4,1/25/2018
479,9,438,26,4,No,9,1,7/3/2018
480,7,993,18,4,Yes,9,3,11/8/2017
481,12,864,18,1,Yes,3,4,10/28/2018
482,3,816,55,3,No,6,1,10/16/2020
483,5,522,49,2,Yes,7,3,9/12/2017
484,9,136,59,3,No,6,3,8/27/2017
485,11,793,11,1,Yes,8,5,3/1/2017
486,3,1292,60,2,No,9,2,5/26/2018
487,3,1780,41,2,Yes,6,1,4/21/2019
488,8,594,25,2,Yes,1,1,3/19/2017
489,4,1379,48,5,Yes,6,4,3/9/2021
490,1,1067,44,5,Yes,9,2,2/20/2017
491,7,1864,21,5,No,3,5,4/5/2019
492,11,1562,30,3,No,9,3,11/28/2018
493,10,1900,12,1,Yes,6,2,10/25/2017
494,12,105,47,4,No,9,1,5/1/2019
495,3,478,31,1,No,6,3,2/10/2019
496,11,3,22,5,Yes,5,2,1/20/2020
497,1,448,56,2,No,9,1,5/31/2021
498,7,980,13,2,No,2,5,9/11/2017
499,10,253,29,3,Yes,8,5,1/12/2021
500,5,27,4,4,No,7,2,12/21/2017
501,6,1622,22,3,No,3,2,5/31/2020
502,7,619,47,2,No,2,5,11/16/2019
503,2,235,53,5,No,3,1,2/24/2017
504,2,1305,43,3,Yes,1,1,3/14/2019
505,1,1182,28,4,Yes,6,3,5/25/2019
506,1,1185,55,2,No,1,5,6/4/2020
507,5,1423,10,1,Yes,5,5,10/3/2020
508,1,1580,27,5,Yes,10,4,4/9/2020
509,2,250,32,5,Yes,1,1,8/24/2019
510,10,1514,58,1,Yes,1,5,4/19/2018
511,2,1307,50,1,Yes,1,3,8/28/2017
512,4,308,58,2,No,8,4,3/14/2017
513,10,1342,56,5,No,9,1,5/24/2018
514,10,67,34,3,No,4,2,4/3/2018
515,10,1116,59,3,Yes,1,4,2/3/2020
516,11,833,23,3,Yes,5,1,1/6/2021
517,6,1720,15,1,No,5,2,5/1/2017
518,3,116,50,1,Yes,5,3,8/2/2020
519,11,631,58,5,Yes,5,4,12/12/2018
520,4,808,14,2,Yes,10,2,11/18/2017
521,3,1082,53,2,Yes,6,5,3/4/2021
522,1,1044,51,1,Yes,10,4,5/25/2017
523,10,1382,55,2,No,8,2,8/29/2017
524,1,661,20,2,No,1,3,1/2/2020
525,10,342,41,1,No,7,4,10/7/2018
526,10,460,46,4,No,8,2,1/5/2019
527,11,1824,6,3,Yes,8,4,8/2/2019
528,8,1111,16,3,No,1,3,5/12/2017
529,11,1847,25,3,Yes,4,5,10/21/2020
530,3,59,37,2,Yes,3,5,6/9/2018
531,12,728,32,2,No,6,5,10/13/2018
532,3,556,50,4,Yes,5,3,3/14/2020
533,1,757,32,3,Yes,1,2,3/15/2021
534,4,257,14,5,Yes,3,2,3/2/2017
535,1,1776,37,2,No,4,3,2/11/2020
536,3,1385,27,1,Yes,3,5,2/11/2017
537,1,1497,24,5,No,9,4,3/9/2019
538,12,1402,54,1,Yes,8,1,7/16/2017
539,7,650,9,5,Yes,1,1,7/23/2020
540,12,365,2,1,Yes,2,4,4/15/2019
541,10,682,33,2,No,5,4,1/21/2018
542,12,122,27,2,No,5,1,4/9/2020
543,8,1836,44,4,No,1,1,10/3/2017
544,9,1588,57,3,No,8,4,10/4/2020
545,3,69,16,3,Yes,4,1,4/24/2019
546,12,881,21,5,Yes,4,1,7/14/2019
547,2,1096,31,4,No,1,2,4/9/2017
548,10,330,22,5,Yes,3,1,5/6/2020
549,9,1758,3,3,No,7,5,9/12/2019
550,2,1553,21,5,Yes,6,2,12/17/2020
551,10,1525,6,1,Yes,2,2,6/21/2017
552,3,1398,49,3,Yes,4,4,4/12/2017
553,9,1022,12,4,Yes,2,3,6/4/2018
554,3,584,44,3,No,6,5,9/2/2020
555,4,247,4,4,No,10,2,1/13/2021
556,10,71,10,4,Yes,5,1,5/27/2021
557,3,395,26,2,No,5,4,5/18/2017
558,8,241,14,4,No,8,2,4/28/2020
559,12,416,21,3,Yes,4,1,6/16/2018
560,1,234,26,4,No,6,1,6/6/2019
561,10,461,13,2,No,6,4,7/15/2020
562,12,1829,3,5,Yes,5,5,1/24/2018
563,11,471,35,2,Yes,3,3,9/5/2019
564,10,536,23,2,Yes,5,2,1/20/2021
565,4,1913,57,1,Yes,9,2,3/27/2017
566,5,274,47,4,Yes,4,2,7/30/2018
567,3,709,15,3,No,6,5,10/17/2018
568,3,597,8,1,Yes,2,5,9/19/2018
569,7,220,7,5,Yes,9,4,9/16/2018
570,6,1705,25,4,Yes,8,2,7/28/2017
571,1,1655,31,4,Yes,10,2,6/17/2017
572,5,1064,52,4,Yes,4,2,9/22/2019
573,4,1791,60,2,No,4,5,7/18/2018
574,9,1048,5,3,No,2,1,7/31/2020
575,2,1361,51,1,No,2,3,2/27/2019
576,6,1426,25,3,No,6,1,10/31/2020
577,11,1335,43,2,No,8,5,3/25/2021
578,1,777,38,3,Yes,4,3,5/11/2019
579,2,629,45,4,Yes,10,2,6/6/2018
580,9,925,7,4,No,8,5,7/17/2020
581,9,455,5,5,Yes,10,5,12/1/2020
582,9,817,20,2,Yes,4,3,9/12/2020
583,2,538,35,4,Yes,5,2,6/20/2019
584,8,400,7,4,Yes,9,4,11/20/2017
585,6,1614,28,4,Yes,2,1,8/26/2020
586,8,447,25,5,No,5,5,2/25/2019
587,10,15,45,3,No,10,4,2/28/2018
588,11,898,4,3,No,6,1,7/6/2017
589,10,978,25,3,Yes,7,2,1/8/2017
590,3,472,11,4,No,2,2,7/17/2018
591,9,1696,20,4,Yes,2,2,8/17/2018
592,8,579,20,2,Yes,9,4,4/4/2019
593,9,218,37,5,No,3,5,11/18/2019
594,12,103,49,2,No,10,3,3/29/2020
595,11,1367,31,3,No,8,1,11/7/2019
596,2,1721,22,1,Yes,6,1,10/18/2017
597,12,25,8,3,No,4,3,2/16/2019
598,5,1519,13,1,No,7,1,4/22/2019
599,4,1238,7,2,No,7,2,8/18/2020
600,12,63,34,1,No,2,3,3/16/2019
601,7,1768,38,5,Yes,1,1,6/15/2019
602,2,277,49,4,No,1,2,1/21/2021
603,4,206,38,3,No,3,4,11/30/2020
604,10,783,22,1,No,1,3,10/3/2018
605,8,13,19,1,Yes,2,4,9/29/2020
606,8,163,28,5,Yes,7,2,4/9/2019
607,9,1490,57,4,No,10,3,3/6/2020
608,6,325,39,4,No,5,4,5/20/2018
609,3,1652,54,3,No,8,2,11/24/2020
610,11,847,8,1,No,1,1,9/15/2017
611,9,106,2,1,No,7,1,6/25/2018
612,4,1828,2,1,No,2,2,12/30/2018
613,5,1767,58,5,No,6,1,10/6/2020
614,5,1805,51,1,Yes,8,2,12/28/2018
615,11,859,39,5,Yes,10,4,5/13/2020
616,6,280,45,3,No,5,5,6/29/2019
617,1,43,11,2,Yes,4,1,9/28/2017
618,4,61,22,1,Yes,9,3,10/30/2020
619,9,587,32,1,No,2,4,6/28/2018
620,8,149,33,2,No,5,5,8/15/2019
621,6,1034,35,3,Yes,6,3,7/29/2019
622,2,1284,39,5,Yes,4,4,3/19/2019
623,7,716,28,5,Yes,8,2,3/28/2019
624,7,127,27,1,No,3,5,7/14/2019
625,5,874,33,1,Yes,1,4,10/3/2019
626,5,1165,41,4,No,6,1,12/14/2017
627,1,1876,14,2,Yes,10,4,9/11/2018
628,5,1899,20,4,Yes,10,3,5/27/2020
629,2,1024,48,2,No,6,4,6/23/2020
630,7,111,37,3,No,6,5,4/30/2020
631,10,383,30,3,No,7,2,12/12/2019
632,10,742,52,4,Yes,5,5,7/15/2018
633,3,1627,50,4,Yes,7,3,12/22/2019
634,10,1106,5,1,No,8,3,7/17/2018
635,3,1688,9,2,No,9,1,7/3/2020
636,12,782,45,5,Yes,6,2,9/23/2019
637,12,353,40,2,Yes,9,2,1/15/2017
638,8,1274,52,1,Yes,3,4,12/23/2019
639,7,1871,47,4,No,1,3,4/1/2017
640,10,835,46,3,No,10,2,8/28/2017
641,6,1016,14,5,No,7,2,5/7/2021
642,8,1381,32,5,No,8,4,2/20/2021
643,5,1424,15,1,Yes,2,5,10/19/2019
644,8,141,14,2,No,8,4,9/11/2018
645,11,1368,50,4,Yes,4,3,8/16/2017
646,4,319,45,5,Yes,7,4,2/10/2021
647,3,356,47,5,No,4,4,3/6/2020
648,9,972,45,5,Yes,3,4,3/24/2020
649,1,1612,32,1,Yes,5,3,3/13/2020
650,3,1063,57,1,No,10,3,9/22/2017
651,1,953,29,5,No,7,5,11/29/2018
652,5,1872,39,1,No,6,1,2/21/2019
653,7,1130,47,2,No,5,1,12/10/2019
654,5,1456,28,5,Yes,2,2,9/30/2020
655,10,1583,40,3,Yes,3,2,8/25/2018
656,4,1630,47,3,No,9,2,11/14/2018
657,12,653,49,3,Yes,2,2,2/18/2019
658,4,710,42,1,No,7,3,4/12/2017
659,2,559,58,1,No,4,2,8/30/2019
660,4,1007,49,5,Yes,5,2,10/19/2017
661,7,169,23,4,Yes,5,2,3/9/2021
662,12,112,59,2,No,1,3,9/8/2019
663,10,1149,20,3,Yes,2,4,4/24/2019
664,9,98,26,2,Yes,3,4,4/1/2021
665,3,672,49,2,Yes,10,5,2/23/2020
666,3,177,47,3,Yes,3,5,4/18/2017
667,2,1074,33,3,No,2,2,8/5/2020
668,12,921,44,3,No,4,2,2/9/2021
669,6,679,26,2,No,3,3,6/25/2020
670,9,739,41,3,Yes,10,3,4/7/2020
671,8,676,9,4,No,6,2,8/30/2019
672,5,1539,45,2,Yes,7,4,1/24/2020
673,12,1119,44,1,No,10,3,9/1/2020
674,8,560,14,1,Yes,5,1,8/26/2019
675,2,1921,19,4,Yes,9,2,7/4/2019
676,5,1736,16,4,Yes,2,4,7/1/2019
677,1,74,43,3,No,9,4,10/3/2019
678,8,47,58,1,Yes,4,4,8/6/2018
679,1,303,43,3,No,2,1,8/22/2019
680,11,316,11,4,No,4,5,7/15/2020
681,7,731,51,3,Yes,2,4,5/4/2020
682,3,616,14,4,No,9,3,10/19/2020
683,3,207,28,3,Yes,7,1,10/14/2020
684,10,922,52,4,No,2,4,3/5/2017
685,1,532,42,2,No,7,2,11/29/2020
686,11,429,5,3,Yes,3,2,9/12/2018
687,3,1906,21,4,Yes,2,2,5/16/2020
688,6,1635,44,2,No,7,3,10/14/2020
689,3,903,41,5,No,1,3,12/25/2018
690,10,178,37,4,No,1,1,11/27/2018
691,2,1748,39,1,No,10,1,5/20/2017
692,9,249,46,4,No,8,5,6/10/2018
693,4,1603,25,5,Yes,10,1,7/8/2020
694,6,1269,52,5,No,4,1,5/19/2017
695,10,142,34,4,No,7,5,5/7/2017
696,9,364,26,4,Yes,7,3,5/14/2017
697,5,65,24,2,No,8,1,12/30/2018
698,1,327,42,5,Yes,4,4,9/29/2020
699,10,1230,36,2,Yes,10,1,3/28/2019
700,8,1649,22,1,Yes,9,4,3/4/2017
701,3,982,49,4,No,10,5,7/13/2020
702,3,691,5,5,Yes,8,1,2/25/2018
703,8,1672,37,1,No,7,3,6/7/2018
704,6,176,43,4,Yes,9,4,4/4/2019
705,5,1038,49,5,Yes,6,4,10/8/2020
706,4,474,19,1,Yes,2,5,3/7/2020
707,5,1196,60,4,Yes,2,5,2/19/2019
708,11,1887,28,1,Yes,6,5,12/19/2017
709,1,79,26,1,No,5,2,6/20/2019
710,2,1684,32,1,No,3,3,6/26/2020
711,10,904,23,5,Yes,1,3,8/22/2018
712,6,1132,12,1,No,6,5,11/16/2017
713,4,1017,18,5,Yes,3,5,11/5/2020
714,11,175,14,5,No,5,1,12/18/2019
715,7,573,12,1,Yes,8,3,12/29/2017
716,6,1452,56,4,Yes,2,1,6/21/2020
717,1,1459,52,1,Yes,5,1,8/3/2018
718,5,869,47,4,Yes,5,4,2/16/2021
719,11,1648,29,3,No,1,4,5/24/2020
720,4,1661,21,2,No,7,5,10/10/2020
721,8,1047,19,5,Yes,9,2,6/18/2019
722,1,1121,5,3,Yes,1,2,2/11/2020
723,8,1313,59,2,Yes,6,2,5/21/2020
724,4,317,45,1,Yes,5,5,9/20/2019
725,7,1321,46,4,No,2,5,12/13/2019
726,12,1219,41,5,Yes,2,4,9/5/2020
727,10,1690,15,4,Yes,9,1,5/6/2021
728,5,1102,58,2,No,4,1,4/27/2019
729,8,1187,8,1,Yes,4,4,10/18/2020
730,2,39,19,4,No,4,4,10/24/2019
731,1,1714,60,2,Yes,8,1,1/13/2017
732,3,901,33,4,No,5,5,1/30/2019
733,10,1831,37,4,Yes,5,1,2/13/2018
734,4,949,9,1,Yes,3,3,12/9/2017
735,4,379,55,4,No,10,2,4/21/2019
736,8,913,53,4,Yes,1,4,11/5/2017
737,8,1137,53,4,Yes,10,3,10/11/2019
738,10,482,43,4,No,3,1,10/7/2019
739,3,798,45,1,No,2,3,1/5/2018
740,10,939,19,4,Yes,8,5,8/20/2018
741,10,1598,19,5,Yes,3,2,5/10/2021
742,1,34,6,4,No,8,3,8/17/2017
743,9,1570,45,5,No,1,3,9/18/2020
744,10,601,59,1,No,9,4,1/22/2017
745,4,1183,52,5,Yes,9,3,6/14/2017
746,12,216,3,2,No,9,1,3/24/2017
747,5,520,38,3,No,1,4,5/11/2020
748,6,1733,48,3,Yes,6,1,3/12/2020
749,12,1692,24,5,No,3,2,6/1/2017
750,10,517,42,5,Yes,8,1,6/26/2019
751,4,1441,58,5,Yes,6,1,6/6/2017
752,3,239,21,5,No,7,3,12/3/2019
753,7,423,6,4,No,1,1,4/16/2020
754,1,770,45,3,Yes,7,3,12/11/2020
755,11,1584,32,2,No,2,2,2/3/2021
756,8,162,46,2,Yes,7,4,12/12/2018
757,8,1218,38,4,Yes,3,1,12/26/2017
758,10,810,3,5,No,3,5,11/30/2019
759,4,1759,59,2,Yes,4,2,6/3/2017
760,1,1517,26,4,Yes,7,2,10/12/2020
761,6,950,19,4,No,2,1,2/3/2021
762,12,829,50,1,No,4,3,7/14/2017
763,5,95,39,4,No,5,4,8/23/2020
764,6,753,42,5,No,2,2,4/3/2021
765,10,673,23,2,Yes,10,2,6/3/2017
766,8,469,52,2,Yes,10,2,12/5/2017
767,7,28,41,4,Yes,5,2,3/6/2018
768,12,1884,33,5,No,9,3,2/5/2021
769,11,656,39,4,Yes,3,5,7/16/2019
770,5,408,18,2,Yes,3,1,5/2/2019
771,6,971,18,4,Yes,9,4,3/16/2020
772,11,1750,43,5,Yes,4,3,3/18/2019
773,10,813,7,2,No,4,5,6/8/2018
774,6,1217,9,5,No,10,2,10/30/2017
775,1,887,3,2,No,6,2,10/11/2017
776,10,1618,53,3,Yes,7,5,4/16/2017
777,11,373,10,4,No,9,5,6/8/2020
778,4,1394,3,3,Yes,9,1,12/13/2018
779,2,1153,5,2,Yes,4,5,12/22/2017
780,4,1340,28,4,Yes,9,1,3/16/2019
781,1,195,45,1,No,6,3,2/25/2020
782,9,858,25,2,No,3,5,2/21/2019
783,10,1446,15,5,No,9,5,3/3/2019
784,11,1853,29,2,Yes,4,4,8/4/2020
785,2,283,26,5,No,7,3,3/8/2018
786,1,81,50,1,Yes,5,5,9/19/2019
787,4,339,29,2,No,5,2,10/15/2019
788,11,1144,50,4,No,2,4,11/22/2019
789,1,54,39,4,No,5,5,3/31/2020
790,9,328,50,1,Yes,3,4,8/7/2017
791,12,160,57,2,Yes,2,2,10/12/2017
792,11,1821,1,3,No,8,3,12/3/2018
793,9,1353,22,2,Yes,10,4,3/8/2019
794,9,1473,46,5,Yes,5,2,1/29/2017
795,10,437,8,2,No,9,2,4/19/2019
796,7,1464,34,5,No,2,3,5/9/2021
797,9,1920,12,4,No,3,5,10/10/2019
798,5,94,52,4,Yes,10,3,5/1/2020
799,10,1609,20,4,No,2,5,7/21/2018
800,1,970,1,1,Yes,7,1,6/27/2019
801,3,1341,49,1,Yes,2,1,1/15/2017
802,1,941,27,4,No,3,2,8/17/2020
803,4,1578,12,1,Yes,1,1,12/16/2019
804,2,1877,4,2,Yes,10,2,5/30/2020
805,9,1345,14,4,Yes,7,4,12/5/2020
806,3,1808,32,3,No,10,1,3/23/2018
807,11,430,16,2,Yes,3,5,5/22/2017
808,6,464,52,4,No,3,5,5/21/2020
809,7,738,24,3,Yes,1,1,9/3/2020
810,5,852,53,5,Yes,2,2,7/19/2020
811,9,1592,32,4,No,10,2,1/18/2020
812,3,418,33,2,Yes,2,1,1/21/2017
813,8,191,38,2,No,1,2,5/11/2019
814,5,187,22,5,Yes,3,1,3/22/2018
815,6,1180,17,5,Yes,4,2,4/21/2018
816,9,1363,16,4,Yes,6,1,2/14/2018
817,11,821,35,4,Yes,6,1,12/23/2020
818,8,1502,7,5,No,5,5,7/10/2017
819,6,815,54,2,No,5,1,12/5/2019
820,7,729,7,1,Yes,8,5,4/26/2018
821,11,1962,28,4,Yes,2,4,2/22/2020
822,1,465,5,5,Yes,5,4,12/3/2018
823,1,1778,45,4,No,2,3,4/27/2021
824,1,711,36,3,No,2,3,7/21/2020
825,12,1851,41,1,Yes,1,3,11/19/2018
826,8,1526,39,2,No,1,3,12/3/2019
827,10,236,27,1,No,1,3,12/11/2019
828,11,293,20,3,No,6,5,1/16/2020
829,11,1447,6,3,Yes,8,5,8/16/2019
830,9,1659,38,5,Yes,1,1,9/1/2018
831,11,1797,37,2,No,7,3,5/31/2020
832,12,215,50,4,Yes,5,1,3/20/2020
833,12,1522,24,4,No,7,3,8/16/2020
834,5,1086,8,2,No,8,2,3/9/2017
835,7,1744,23,2,No,4,1,7/23/2020
836,8,1346,12,5,Yes,6,4,6/16/2019
837,8,1081,26,2,Yes,6,5,3/1/2019
838,6,10,29,4,Yes,3,5,6/9/2017
839,1,150,53,1,No,4,2,3/16/2017
840,7,182,21,1,No,1,2,1/13/2018
841,12,624,20,5,No,3,3,5/22/2021
842,9,1451,9,2,No,7,4,3/26/2017
843,10,1489,55,2,No,3,1,5/23/2019
844,3,1554,24,5,Yes,5,2,4/2/2021
845,11,1772,4,1,No,7,4,2/15/2017
846,7,1567,17,2,No,6,5,10/19/2020
847,4,1220,34,4,No,9,2,10/26/2020
848,11,1911,47,5,No,8,3,12/13/2017
849,3,1674,54,1,Yes,3,5,2/20/2017
850,6,1000,56,4,Yes,9,1,2/24/2017
851,9,350,22,2,No,2,3,10/3/2018
852,12,1443,39,3,No,8,2,3/8/2018
853,10,1170,60,4,No,7,3,10/26/2019
854,9,832,2,4,No,4,5,10/28/2019
855,6,1461,47,4,No,8,3,1/24/2018
856,11,1687,37,1,Yes,8,1,7/21/2020
857,10,1889,34,1,No,8,2,8/3/2019
858,10,934,31,3,No,9,2,12/5/2019
859,1,1944,23,3,No,2,2,3/16/2021
860,10,1782,24,4,No,4,1,10/15/2019
861,2,1118,40,5,Yes,7,4,8/17/2020
862,2,805,5,4,Yes,2,3,11/24/2017
863,8,1833,26,3,No,1,2,1/14/2021
864,4,1707,53,5,No,2,1,9/6/2017
865,5,66,23,1,Yes,4,5,11/25/2018
866,6,202,54,4,No,5,2,9/15/2018
867,11,880,3,5,No,2,3,5/19/2017
868,1,1142,43,5,Yes,7,1,5/1/2020
869,9,254,7,2,Yes,9,2,2/11/2021
870,5,1437,19,2,Yes,6,3,3/2/2020
871,1,17,55,4,No,4,1,6/6/2020
872,2,963,15,1,No,3,5,2/20/2020
873,6,246,49,4,No,3,2,6/13/2017
874,6,730,39,4,Yes,10,5,12/19/2020
875,3,1331,41,5,No,5,1,9/10/2018
876,9,1708,20,4,Yes,10,5,9/17/2018
877,1,227,19,2,Yes,1,5,7/5/2018
878,11,987,27,4,No,8,4,4/16/2018
879,12,507,46,3,No,9,4,8/23/2019
880,5,713,20,5,Yes,10,3,9/30/2018
881,2,799,13,5,No,7,4,7/9/2017
882,9,1586,27,1,No,4,5,3/18/2018
883,5,527,58,4,No,9,1,8/6/2019
884,12,829,21,4,Yes,8,2,3/29/2020
885,6,1072,13,2,No,6,4,11/12/2019
886,4,1637,52,5,Yes,9,2,5/14/2017
887,12,332,24,1,No,6,5,11/19/2017
888,12,1923,13,1,Yes,9,4,8/24/2020
889,10,278,28,3,No,7,5,12/9/2019
890,5,508,16,4,No,9,5,2/20/2020
891,1,1145,33,3,No,3,5,7/26/2020
892,6,279,49,5,Yes,1,3,1/16/2018
893,3,1638,11,2,Yes,6,4,3/18/2021
894,3,1784,34,5,Yes,5,5,4/23/2020
895,6,1092,47,5,No,10,5,5/26/2017
896,7,1966,7,4,Yes,10,4,4/9/2018
897,6,780,24,3,Yes,9,1,6/19/2017
898,2,1788,11,4,Yes,8,3,2/13/2020
899,12,1657,42,4,No,3,5,2/24/2017
900,8,1068,35,5,Yes,3,4,2/7/2018
901,1,657,7,5,Yes,5,3,2/18/2020
902,5,1138,59,2,No,10,3,1/27/2020
903,3,1608,6,4,Yes,2,1,3/19/2021
904,4,1709,28,1,Yes,4,3,6/23/2019
905,10,1746,10,1,Yes,10,1,12/26/2019
906,3,1650,29,2,Yes,6,1,2/10/2020
907,8,1585,39,4,No,4,5,6/29/2020
908,6,1333,13,2,No,7,1,12/6/2020
909,9,912,13,3,No,4,1,3/5/2017
910,6,144,28,1,No,9,5,12/14/2020
911,4,1442,50,3,No,1,4,2/18/2018
912,1,1262,16,5,No,3,4,9/11/2017
913,3,1371,8,4,No,10,1,12/7/2017
914,3,1053,27,3,No,1,1,1/5/2017
915,12,1421,53,1,Yes,2,3,4/27/2017
916,5,802,18,5,No,9,4,11/19/2018
917,3,817,12,5,Yes,2,1,4/25/2020
918,10,1234,20,2,No,1,4,1/16/2017
919,4,666,9,4,No,4,4,9/17/2020
920,6,1384,42,2,No,10,5,3/11/2018
921,4,1206,32,3,Yes,1,2,2/22/2019
922,8,1513,36,4,Yes,3,1,8/17/2019
923,7,492,42,4,No,5,5,10/10/2018
924,4,703,21,3,Yes,1,3,10/31/2019
925,5,1395,44,5,Yes,1,2,3/1/2020
926,10,1651,29,1,Yes,2,1,9/20/2019
927,7,994,12,1,No,5,5,7/22/2019
928,1,265,43,2,No,2,4,3/23/2019
929,4,1088,7,2,No,1,1,2/19/2019
930,6,369,9,3,No,5,4,5/16/2018
931,2,1749,34,1,Yes,5,2,4/16/2018
932,4,451,44,4,Yes,1,2,5/28/2018
933,6,1904,39,5,No,7,2,12/4/2018
934,8,1932,40,2,Yes,5,1,10/6/2017
935,11,1566,49,4,Yes,7,2,7/3/2019
936,3,1117,23,3,Yes,3,2,8/20/2018
937,3,186,56,2,Yes,8,2,8/22/2019
938,2,1474,31,4,No,6,2,6/25/2020
939,6,1166,35,2,Yes,6,1,7/1/2017
940,5,1323,2,2,Yes,4,4,11/10/2018
941,8,89,20,2,No,7,1,1/2/2019
942,2,97,59,4,No,6,3,3/16/2017
943,6,542,17,1,Yes,9,4,6/24/2017
944,3,1679,42,1,Yes,2,1,4/15/2019
945,12,1078,17,5,No,6,1,10/11/2018
946,8,1289,22,4,No,2,3,9/13/2017
947,12,797,32,4,Yes,2,2,6/6/2017
948,1,1013,1,5,No,2,4,3/8/2019
949,4,45,29,2,Yes,8,4,11/17/2017
950,1,1410,19,2,No,7,4,9/15/2019
951,7,1136,4,2,No,9,5,9/5/2019
952,2,458,60,5,No,5,1,9/30/2017
953,8,1691,17,4,No,9,4,3/29/2020
954,5,154,36,4,Yes,8,2,10/1/2020
955,5,607,57,3,Yes,7,2,5/24/2018
956,5,1396,46,1,Yes,10,4,12/8/2019
957,4,1108,18,5,Yes,7,3,9/18/2020
958,1,1586,2,4,Yes,8,5,12/21/2018
959,3,1107,13,3,No,9,5,11/7/2019
960,12,1545,30,5,No,9,4,9/24/2018
961,6,409,25,5,Yes,4,2,2/12/2019
962,10,221,50,1,Yes,6,3,6/12/2018
963,8,1374,38,3,No,1,4,3/8/2020
964,8,294,51,2,No,4,5,11/19/2019
965,12,1084,8,5,No,7,2,11/18/2020
966,8,570,39,1,No,10,3,5/29/2017
967,1,223,28,5,No,10,2,6/25/2018
968,9,1251,30,2,No,2,4,8/26/2018
969,8,678,39,3,No,2,5,11/19/2019
970,9,1124,11,3,Yes,7,2,9/24/2019
971,6,819,57,3,Yes,5,5,1/7/2021
972,1,1210,29,4,No,10,3,9/9/2019
973,7,1841,23,3,No,5,2,4/27/2018
974,8,1495,4,4,No,2,3,12/6/2019
975,6,574,47,5,No,10,2,1/27/2018
976,9,1579,33,1,Yes,2,5,2/8/2021
977,1,1457,1,2,No,6,4,5/8/2019
978,5,266,57,5,No,4,2,4/6/2019
979,9,1203,34,3,Yes,8,1,4/19/2020
980,12,147,40,4,No,5,1,5/5/2018
981,2,877,56,2,No,3,5,8/4/2019
982,8,690,58,1,No,10,1,9/22/2017
983,6,897,26,1,Yes,3,4,7/19/2019
984,3,952,43,3,Yes,7,3,3/20/2017
985,6,1404,49,4,Yes,2,3,11/2/2020
986,8,671,17,3,No,10,4,4/14/2018
987,3,1511,27,5,Yes,9,2,12/21/2017
988,11,1498,16,5,No,5,2,9/1/2020
989,3,839,53,3,No,1,4,3/27/2019
990,3,1160,8,1,No,1,2,6/8/2020
991,1,726,26,1,No,6,5,7/19/2020
992,8,501,35,2,Yes,9,1,1/16/2017
993,8,1227,35,2,Yes,2,2,12/28/2018
994,1,269,50,2,No,3,2,5/1/2020
995,1,1190,60,4,Yes,3,2,9/1/2017
996,9,905,40,2,No,6,1,9/13/2018
997,12,1683,55,4,Yes,4,1,5/15/2019
998,2,1478,34,1,No,2,1,8/3/2020
999,1,399,42,3,No,2,3,12/28/2018
1000,3,204,32,3,Yes,10,1,12/2/2019
1001,2,955,34,2,Yes,5,5,5/7/2021
1002,2,1018,26,4,Yes,6,3,1/22/2017
1003,4,563,26,2,Yes,9,3,4/28/2019
1004,10,1318,7,1,No,5,4,5/23/2021
1005,5,118,2,4,Yes,10,4,12/2/2017
1006,7,995,42,2,No,2,2,9/15/2017
1007,7,76,39,2,No,4,4,5/8/2019
1008,3,1894,53,4,Yes,6,2,11/27/2017
1009,2,846,12,2,Yes,2,1,3/2/2018
1010,6,1277,8,2,No,8,3,5/24/2018
1011,8,733,26,1,Yes,4,5,1/21/2017
1012,5,1914,25,5,No,9,1,4/16/2020
1013,7,1599,51,5,No,4,1,9/25/2020
1014,1,192,32,3,Yes,5,1,9/10/2020
1015,9,1450,59,1,No,4,3,3/11/2020
1016,8,1168,37,3,Yes,2,3,4/28/2019
1017,7,305,18,2,No,3,3,8/8/2020
1018,3,923,55,2,No,6,3,9/16/2020
1019,4,229,35,3,No,5,1,2/10/2017
1020,9,426,7,1,No,8,1,6/8/2020
1021,11,155,28,2,Yes,6,1,6/8/2020
1022,11,1201,24,2,Yes,3,2,8/16/2020
1023,9,503,42,1,No,3,3,7/14/2019
1024,6,812,30,5,Yes,8,4,5/28/2017
1025,4,1032,14,5,Yes,5,3,8/17/2018
1026,8,1590,51,4,Yes,2,2,10/12/2018
1027,11,1077,37,5,Yes,3,4,8/4/2020
1028,9,498,23,2,No,4,4,8/2/2018
1029,9,1812,7,3,No,9,1,12/9/2017
1030,6,1718,18,2,Yes,5,3,2/7/2018
1031,3,1128,55,2,Yes,8,3,6/24/2017
1032,1,40,53,5,No,9,5,4/30/2018
1033,9,719,36,4,Yes,8,2,8/24/2017
1034,1,914,56,2,Yes,10,2,8/6/2020
1035,9,1737,28,1,Yes,10,5,4/5/2021
1036,4,1857,49,2,Yes,6,4,5/27/2018
1037,6,180,7,3,No,1,1,7/28/2019
1038,6,529,36,2,No,1,4,3/6/2019
1039,8,743,42,5,Yes,6,4,10/3/2017
1040,7,1229,18,3,No,1,1,5/9/2021
1041,7,890,19,1,Yes,10,5,6/21/2019
1042,11,605,47,3,Yes,8,4,12/6/2019
1043,8,1029,23,5,Yes,10,3,4/14/2021
1044,1,1960,52,1,Yes,6,3,3/19/2018
1045,10,393,35,1,Yes,1,4,11/10/2018
1046,6,281,51,4,No,1,4,9/25/2019
1047,6,873,3,2,Yes,1,2,8/3/2017
1048,5,1009,35,2,No,2,3,4/21/2021
1049,10,396,6,1,No,5,3,2/11/2021
1050,6,1253,42,4,No,7,1,11/7/2020
1051,7,585,27,2,Yes,5,1,9/29/2020
1052,3,92,43,3,Yes,5,5,2/13/2017
1053,10,185,13,1,No,7,5,11/6/2019
1054,3,562,18,1,No,4,5,11/22/2020
1055,10,1698,16,4,No,2,2,3/27/2020
1056,11,1762,26,4,No,10,2,10/1/2019
1057,3,1281,17,4,No,10,5,9/24/2017
1058,7,1036,53,3,Yes,10,5,1/6/2020
1059,11,387,7,5,Yes,6,5,7/21/2018
1060,6,1613,7,1,No,5,4,1/1/2017
1061,4,1147,59,1,No,8,3,12/26/2018
1062,2,784,14,1,Yes,4,4,3/28/2020
1063,3,919,44,2,Yes,9,3,5/7/2017
1064,12,131,50,2,Yes,2,5,6/8/2019
1065,1,981,23,3,No,1,1,5/30/2020
1066,1,433,43,5,Yes,5,5,5/23/2018
1067,11,938,37,2,Yes,1,3,3/7/2017
1068,2,925,5,1,No,2,2,9/21/2020
1069,4,402,8,2,No,7,1,12/13/2018
1070,12,976,4,3,No,3,4,2/11/2021
1071,8,1624,51,5,No,7,2,1/29/2021
1072,2,1866,6,4,No,7,2,2/3/2019
1073,5,894,38,3,Yes,10,1,5/23/2019
1074,4,1377,37,5,No,9,1,2/13/2018
1075,6,1369,1,3,No,2,1,7/12/2019
1076,1,119,7,2,Yes,8,1,6/22/2018
1077,3,783,21,3,Yes,6,3,3/3/2020
1078,8,1051,50,1,No,7,4,8/21/2019
1079,9,1359,5,1,No,8,5,7/31/2019
1080,4,1924,49,5,Yes,10,5,1/15/2020
1081,1,1819,30,1,No,6,5,1/30/2020
1082,11,697,40,5,Yes,10,5,8/14/2019
1083,9,244,23,4,No,2,3,3/29/2018
1084,11,1401,15,5,No,2,3,10/12/2017
1085,3,488,10,5,Yes,9,2,9/10/2019
1086,9,222,20,4,Yes,3,5,8/24/2018
1087,5,1365,10,3,No,1,5,1/7/2021
1088,4,688,33,4,No,6,5,9/13/2020
1089,2,470,42,5,Yes,9,1,7/7/2020
1090,5,151,24,1,Yes,1,5,10/3/2020
1091,4,494,37,2,No,3,5,5/10/2018
1092,8,920,4,1,Yes,5,3,8/8/2019
1093,9,1860,59,5,Yes,3,5,2/5/2020
1094,8,541,1,1,No,10,2,10/9/2017
1095,2,120,59,1,No,5,5,8/12/2019
1096,12,1543,1,5,No,1,1,6/2/2017
1097,10,413,58,1,Yes,2,3,3/16/2019
1098,12,845,26,4,Yes,5,3,8/16/2017
1099,7,1728,50,2,No,8,3,12/24/2017
1100,4,1717,43,4,Yes,5,1,9/24/2017
1101,3,1249,39,2,No,3,2,1/27/2018
1102,1,314,42,4,No,10,3,6/10/2019
1103,1,58,56,2,Yes,5,5,3/26/2021
1104,9,394,60,4,No,2,2,4/29/2018
1105,1,1154,14,5,No,2,1,10/18/2018
1106,10,1600,60,1,Yes,5,2,3/24/2020
1107,2,924,58,1,No,8,3,12/26/2017
1108,6,285,8,3,Yes,1,2,10/8/2018
1109,7,553,39,3,Yes,4,2,3/3/2017
1110,9,1945,6,1,No,6,4,8/20/2017
1111,3,876,10,3,No,6,4,2/23/2018
1112,3,1176,56,5,Yes,10,5,3/6/2020
1113,7,555,43,4,No,6,3,11/11/2017
1114,8,85,57,2,No,1,4,6/10/2018
1115,5,2,14,4,Yes,4,4,4/23/2020
1116,11,1619,57,2,No,4,2,2/14/2020
1117,1,1880,52,4,Yes,10,3,6/21/2020
1118,8,942,32,3,Yes,5,5,7/30/2017
1119,5,926,9,3,No,2,3,5/8/2017
1120,8,530,26,3,No,4,1,1/17/2020
1121,6,844,40,4,No,6,3,2/22/2021
1122,12,1242,11,5,No,2,2,6/4/2020
1123,10,884,17,4,Yes,5,4,6/24/2019
1124,7,104,18,5,No,2,4,6/26/2017
1125,5,609,45,2,Yes,4,4,11/26/2017
1126,7,1783,58,4,Yes,9,1,7/29/2017
1127,7,1355,36,5,No,7,4,8/11/2019
1128,5,1892,36,2,Yes,9,4,8/12/2019
1129,12,1830,8,4,No,4,3,6/28/2017
1130,5,1008,20,3,Yes,2,5,10/31/2019
1131,3,368,4,2,No,9,2,12/15/2018
1132,4,1732,27,2,No,10,1,4/10/2018
1133,2,213,34,3,Yes,3,2,12/19/2018
1134,9,1581,47,2,No,9,2,5/4/2019
1135,5,1848,17,3,Yes,6,2,7/12/2018
1136,2,1296,18,4,Yes,5,4,6/22/2020
1137,11,1345,10,5,Yes,4,5,1/14/2021
1138,8,1120,45,4,Yes,9,2,2/17/2017
1139,5,1256,41,1,Yes,1,1,1/6/2021
1140,9,1528,14,4,Yes,10,5,12/23/2019
1141,2,1715,23,5,Yes,10,4,10/28/2019
1142,11,1952,9,4,No,2,4,9/10/2017
1143,9,706,23,5,No,4,1,8/28/2020
1144,3,72,12,5,Yes,10,3,4/27/2017
1145,12,1666,44,3,Yes,4,1,11/16/2019
1146,1,1039,50,2,Yes,8,1,12/4/2020
1147,8,1349,21,2,Yes,5,4,9/19/2019
1148,8,762,23,2,No,1,4,3/12/2019
1149,12,1338,13,2,Yes,4,1,11/1/2017
1150,11,359,31,5,No,1,2,7/15/2020
1151,6,83,54,1,No,9,3,6/13/2017
1152,5,454,52,4,No,6,5,2/15/2019
1153,7,1796,29,4,No,10,4,2/16/2020
1154,9,932,24,3,Yes,3,5,11/27/2017
1155,6,640,40,4,No,9,1,7/11/2017
1156,1,282,40,5,Yes,8,4,4/25/2019
1157,12,795,44,3,Yes,2,3,3/29/2021
1158,4,1870,39,1,Yes,5,5,11/3/2017
1159,6,344,26,4,Yes,2,1,5/17/2017
1160,4,152,59,4,No,1,1,2/15/2021
1161,4,1301,28,4,Yes,4,2,7/30/2017
1162,9,1387,57,3,No,7,2,4/12/2018
1163,4,170,38,5,Yes,3,4,11/18/2017
1164,5,1326,22,5,Yes,6,2,11/14/2018
1165,11,910,56,2,No,5,3,7/18/2018
1166,4,879,8,3,No,8,2,4/11/2021
1167,3,32,14,4,Yes,7,2,4/12/2019
1168,1,1413,19,1,No,10,2,6/23/2018
1169,8,1891,20,4,No,8,1,5/6/2020
1170,9,1601,17,4,Yes,1,4,6/11/2020
1171,8,648,17,3,No,8,3,8/10/2020
1172,8,1743,38,3,Yes,1,4,9/5/2019
1173,12,1896,35,4,Yes,10,1,7/22/2018
1174,7,49,45,4,Yes,5,1,9/12/2017
1175,4,1948,46,5,No,4,5,12/5/2019
1176,9,1873,1,2,Yes,8,1,2/27/2021
1177,7,1565,44,5,Yes,2,3,12/16/2017
1178,7,1110,36,3,No,10,5,12/19/2020
1179,10,1858,47,3,Yes,2,1,2/7/2020
1180,4,604,16,5,Yes,2,1,8/3/2020
1181,10,957,8,1,No,5,3,3/26/2021
1182,5,1953,51,5,No,5,2,10/21/2017
1183,3,252,38,3,No,2,5,3/11/2018
1184,10,698,21,2,No,7,5,11/5/2018
1185,5,1822,40,4,Yes,5,4,12/25/2019
1186,4,749,22,4,Yes,7,2,6/4/2020
1187,1,251,37,2,No,2,1,10/13/2018
1188,4,1370,4,3,No,2,5,11/7/2018
1189,3,917,3,3,Yes,5,5,10/6/2018
1190,8,323,43,4,No,7,4,3/6/2019
1191,7,1434,18,1,Yes,1,4,12/1/2020
1192,4,696,39,1,Yes,2,2,4/3/2018
1193,3,1602,27,4,No,8,3,4/5/2017
1194,4,610,32,1,No,8,4,10/8/2017
1195,2,1789,27,3,No,9,1,7/2/2018
1196,5,613,50,2,Yes,6,4,3/9/2018
1197,1,1713,53,1,No,1,5,1/20/2019
1198,12,589,7,4,No,6,2,6/18/2019
1199,11,1533,44,2,No,3,5,12/17/2020
1200,6,453,40,3,Yes,3,5,9/14/2020
1201,3,1454,5,1,No,5,2,6/25/2017
1202,12,1854,13,3,No,10,3,3/5/2018
1203,9,1470,38,4,Yes,3,1,5/20/2018
1204,2,1109,12,1,Yes,10,1,7/12/2018
1205,10,1271,4,3,Yes,6,4,5/11/2018
1206,10,126,53,4,Yes,6,4,7/17/2017
1207,6,1964,8,5,Yes,10,3,6/9/2020
1208,3,1770,29,1,No,1,3,1/1/2017
1209,3,376,23,3,Yes,2,3,5/26/2019
1210,7,895,39,1,Yes,8,4,8/29/2017
1211,4,1527,40,1,No,9,2,3/13/2020
1212,10,1493,23,2,No,1,4,5/1/2017
1213,2,23,41,3,No,3,4,4/12/2020
1214,11,1575,46,2,No,4,4,3/13/2019
1215,3,1405,36,2,No,4,2,9/22/2017
1216,9,1179,55,3,Yes,2,5,1/23/2017
1217,7,100,24,2,No,9,1,3/3/2018
1218,9,862,57,2,Yes,8,2,7/20/2020
1219,6,687,53,5,No,4,4,10/22/2018
1220,11,626,36,3,No,2,3,4/9/2019
1221,6,868,55,4,Yes,4,4,4/28/2021
1222,9,1501,12,4,No,1,1,1/24/2020
1223,9,1664,39,5,Yes,10,1,7/9/2017
1224,11,1939,28,4,No,3,2,4/27/2017
1225,9,1146,40,2,No,5,1,8/27/2020
1226,11,1935,13,3,No,5,5,1/26/2018
1227,2,1816,51,5,Yes,6,5,4/13/2019
1228,8,431,29,3,No,2,2,9/1/2020
1229,10,297,4,1,No,9,3,11/9/2018
1230,3,766,10,3,No,8,3,5/3/2017
1231,6,841,27,2,No,6,5,10/10/2017
1232,11,259,46,3,No,8,2,4/18/2021
1233,5,1094,13,5,No,10,3,1/4/2021
1234,11,1616,56,4,No,6,3,7/7/2017
1235,7,1095,24,4,No,9,3,7/11/2017
1236,3,566,36,5,No,4,5,4/15/2021
1237,12,1949,27,1,Yes,5,3,2/22/2018
1238,10,1,5,2,No,1,5,1/4/2020
1239,5,275,56,2,No,3,1,3/25/2020
1240,10,1239,46,4,Yes,2,5,1/21/2018
1241,5,1143,40,4,Yes,10,4,3/6/2020
1242,5,583,2,3,Yes,2,4,7/26/2019
1243,11,1161,35,5,Yes,9,2,7/21/2018
1244,9,1059,37,2,Yes,7,2,4/27/2021
1245,4,1045,38,5,No,6,1,7/14/2017
1246,9,1412,5,5,No,3,4,3/31/2020
1247,4,1550,21,2,No,5,4,11/6/2019
1248,12,1364,6,4,No,9,2,2/8/2018
1249,12,664,2,5,Yes,1,4,4/16/2019
1250,2,1593,47,5,Yes,2,5,3/13/2020
1251,10,855,9,3,Yes,8,3,12/20/2020
1252,12,1595,16,5,Yes,9,4,12/25/2019
1253,10,442,46,4,No,2,3,5/3/2017
1254,4,1965,12,2,No,6,3,11/4/2019
1255,12,547,45,3,Yes,3,4,10/23/2020
1256,12,1073,45,2,Yes,5,4,1/3/2021
1257,9,734,42,4,Yes,5,4,10/12/2017
1258,3,1304,56,4,Yes,5,4,2/10/2020
1259,4,1198,21,4,No,4,2,7/11/2019
1260,12,940,26,1,No,10,1,9/14/2019
1261,4,765,32,4,Yes,3,5,11/14/2019
1262,4,1062,11,4,No,6,3,1/28/2019
1263,4,723,27,1,No,7,1,10/15/2020
1264,3,1753,22,4,Yes,7,3,1/21/2020
1265,5,1912,38,5,No,9,1,8/11/2017
1266,9,1169,37,2,Yes,4,1,10/7/2019
1267,4,166,38,4,No,2,5,3/26/2021
1268,11,352,14,2,No,4,2,12/4/2018
1269,12,336,21,2,Yes,9,2,8/29/2020
1270,3,1807,32,1,No,2,1,4/25/2019
1271,9,499,19,1,No,7,5,11/9/2019
1272,5,1264,41,2,No,4,5,5/1/2020
1273,2,411,26,1,No,1,1,6/22/2017
1274,5,1466,3,3,No,3,3,2/26/2018
1275,3,603,55,2,No,1,3,3/24/2019
1276,1,911,28,5,No,8,1,12/6/2017
1277,8,217,59,1,No,8,5,12/20/2017
1278,11,806,24,2,No,4,4,3/28/2017
1279,9,974,41,2,No,1,5,6/7/2020
1280,5,1299,50,2,Yes,8,5,8/16/2018
1281,12,956,32,5,No,4,2,1/28/2019
1282,1,1703,3,1,Yes,3,1,1/30/2018
1283,1,255,30,5,No,7,3,3/1/2019
1284,10,569,35,3,Yes,10,1,12/3/2019
1285,3,260,47,4,No,7,3,9/9/2020
1286,1,1577,17,3,Yes,4,2,12/1/2018
1287,3,668,55,4,Yes,10,1,4/16/2020
1288,5,7,29,2,No,5,2,7/19/2017
1289,12,1425,1,1,Yes,9,1,5/14/2018
1290,7,872,3,1,Yes,9,5,1/19/2018
1291,12,165,18,2,No,2,2,8/3/2018
1292,9,820,56,1,Yes,5,1,11/30/2017
1293,3,405,49,5,No,5,4,12/9/2019
1294,2,1105,43,5,Yes,6,1,11/4/2018
1295,1,1035,31,3,Yes,2,4,5/10/2020
1296,3,1950,48,5,Yes,3,5,4/15/2020
1297,1,291,36,3,Yes,1,3,11/8/2019
1298,7,1800,43,1,No,6,5,6/17/2017
1299,6,999,50,4,No,4,2,2/14/2018
1300,3,473,11,5,Yes,10,1,8/27/2018
1301,3,1308,10,1,No,10,2,6/25/2020
1302,3,960,1,1,Yes,6,2,3/27/2018
1303,5,1235,22,5,Yes,3,4,3/22/2018
1304,5,842,35,1,No,5,5,12/3/2017
1305,5,329,2,5,Yes,1,2,8/26/2017
1306,8,1191,58,5,Yes,6,1,2/19/2017
1307,7,1677,22,3,Yes,7,1,9/3/2019
1308,3,1054,18,4,No,1,4,10/29/2020
1309,6,5,31,3,Yes,1,4,2/28/2021
1310,10,1372,6,1,Yes,2,5,9/22/2017
1311,11,1751,16,5,No,5,3,6/15/2019
1312,10,979,56,3,Yes,3,3,8/4/2018
1313,4,1211,59,3,Yes,10,2,6/8/2020
1314,4,702,5,2,No,6,5,11/15/2018
1315,9,1186,51,1,Yes,4,1,6/27/2018
1316,1,1546,50,1,Yes,5,3,7/23/2017
1317,3,174,53,4,No,7,1,4/23/2021
1318,10,1002,8,1,No,8,3,4/12/2018
1319,9,521,12,2,Yes,4,4,12/3/2018
1320,3,1726,13,2,No,6,2,11/22/2017
1321,9,1561,10,1,No,10,5,4/14/2021
1322,3,1946,50,2,Yes,2,3,9/13/2019
1323,10,1686,28,2,No,9,3,2/4/2019
1324,5,704,47,5,Yes,2,1,7/2/2020
1325,1,984,35,5,No,4,4,7/10/2019
1326,2,1734,13,3,No,5,1,1/15/2020
1327,2,754,16,5,No,3,5,1/26/2020
1328,12,1591,47,4,Yes,8,1,10/2/2020
1329,7,1392,21,5,Yes,5,3,3/25/2018
1330,9,334,20,4,Yes,9,5,12/1/2018
1331,5,1023,32,5,Yes,9,1,4/4/2018
1332,12,1628,35,1,Yes,8,2,3/2/2018
1333,2,1503,13,5,No,10,3,4/22/2018
1334,6,289,45,2,No,4,5,4/29/2019
1335,12,740,47,3,Yes,2,2,3/5/2018
1336,11,758,7,4,Yes,2,3,5/4/2018
1337,1,1731,36,2,No,6,5,8/14/2017
1338,6,788,31,5,No,1,4,9/11/2018
1339,9,1773,7,2,No,7,5,4/24/2018
1340,3,378,11,1,Yes,1,5,10/20/2017
1341,7,612,40,3,No,3,1,10/16/2017
1342,12,900,21,4,Yes,2,5,9/17/2020
1343,1,158,16,4,No,5,1,5/30/2020
1344,2,528,25,4,Yes,9,1,12/27/2018
1345,5,262,40,2,Yes,6,1,1/7/2019
1346,12,78,51,2,No,7,1,3/1/2018
1347,6,406,13,5,No,4,2,1/31/2021
1348,4,1536,21,1,Yes,7,5,2/6/2018
1349,12,628,20,5,Yes,4,5,10/29/2018
1350,2,1215,38,5,No,5,4,3/30/2020
1351,7,206,29,2,Yes,4,3,1/9/2017
1352,6,1538,42,1,Yes,5,2,9/3/2019
1353,4,715,12,5,Yes,6,5,6/23/2019
1354,8,534,16,3,No,5,2,6/30/2020
1355,2,1779,54,4,Yes,5,3,1/4/2017
1356,8,825,13,3,No,7,5,4/16/2018
1357,12,1685,60,4,Yes,5,3,5/11/2020
1358,12,1840,53,1,Yes,4,3,12/8/2020
1359,9,298,33,2,No,8,2,5/14/2019
1360,5,546,33,5,Yes,10,4,1/18/2018
1361,7,1236,41,2,No,6,1,11/6/2019
1362,5,708,11,5,Yes,7,2,11/8/2018
1363,2,1458,6,4,No,2,2,5/22/2019
1364,12,991,53,5,Yes,8,4,7/19/2019
1365,4,683,9,5,Yes,7,1,2/10/2019
1366,11,391,11,1,Yes,3,5,10/2/2019
1367,10,1907,27,2,No,4,5,2/9/2018
1368,10,388,45,1,No,3,3,4/9/2020
1369,3,883,5,1,No,2,4,2/9/2018
1370,5,1356,21,1,No,3,1,5/31/2019
1371,3,357,42,1,Yes,9,3,1/3/2020
1372,2,966,59,3,No,1,3,2/4/2020
1373,9,1192,2,5,No,8,2,1/3/2018
1374,12,1810,3,4,No,1,2,3/8/2019
1375,11,1212,19,5,No,9,2,6/13/2019
1376,12,1080,3,3,Yes,3,4,4/27/2017
1377,7,928,48,5,No,9,5,2/20/2018
1378,10,1135,2,5,No,7,1,7/2/2018
1379,7,231,25,1,No,1,4,12/4/2020
1380,2,961,25,4,No,3,5,5/7/2021
1381,4,1862,4,5,No,6,3,2/4/2019
1382,1,93,23,3,Yes,5,5,8/2/2020
1383,11,834,45,4,No,8,3,5/19/2020
1384,7,1902,34,2,Yes,9,1,3/25/2017
1385,1,11,55,3,Yes,1,3,4/23/2019
1386,7,44,13,4,No,1,5,1/22/2020
1387,8,1621,10,1,Yes,3,4,3/4/2019
1388,9,1003,38,1,Yes,2,4,5/27/2017
1389,4,107,26,3,No,9,3,5/11/2021
1390,6,985,8,1,Yes,1,1,8/24/2019
1391,6,1548,22,2,Yes,7,2,10/8/2018
1392,9,51,51,3,Yes,8,5,8/20/2020
1393,1,412,19,5,Yes,2,2,4/8/2019
1394,12,1668,36,3,Yes,7,2,7/26/2017
1395,12,1058,34,2,Yes,4,2,12/29/2018
1396,12,256,11,2,Yes,7,4,7/11/2017
1397,7,1563,1,5,No,9,4,11/13/2018
1398,7,37,49,5,Yes,6,3,3/24/2020
1399,11,489,18,5,Yes,5,3,5/2/2018
1400,11,776,59,2,No,4,1,7/25/2017
1401,7,736,14,3,No,1,3,3/11/2021
1402,1,655,12,1,No,3,2,3/24/2021
1403,3,42,18,3,Yes,3,3,2/18/2021
1404,1,1087,60,4,No,9,2,2/7/2017
1405,1,662,32,2,Yes,4,3,11/18/2019
1406,12,1597,54,4,Yes,4,5,8/24/2018
1407,10,1815,55,5,No,1,2,2/15/2019
1408,12,1631,54,3,No,7,4,6/12/2019
1409,6,1393,14,5,Yes,3,2,5/19/2018
1410,7,1811,37,4,Yes,1,2,7/23/2020
1411,3,667,52,4,Yes,5,4,2/19/2019
1412,1,312,50,4,Yes,1,2,2/8/2017
1413,11,226,24,5,Yes,2,5,7/17/2017
1414,11,1908,27,5,Yes,10,1,1/13/2018
1415,9,551,25,3,No,2,2,8/28/2019
1416,7,1656,57,3,No,5,2,8/16/2019
1417,1,582,6,5,Yes,2,1,11/21/2017
1418,5,22,26,5,No,7,3,2/26/2018
1419,8,1594,16,3,Yes,2,5,11/22/2019
1420,3,52,18,4,No,5,2,11/13/2017
1421,4,899,22,2,No,9,3,5/10/2019
1422,5,1320,36,1,Yes,8,3,5/26/2019
1423,12,309,32,4,Yes,9,5,6/10/2017
1424,2,1712,28,5,Yes,9,4,10/6/2018
1425,10,531,18,1,No,9,4,9/28/2019
1426,2,486,59,4,Yes,7,1,5/8/2020
1427,8,1152,59,5,No,9,3,8/9/2020
1428,8,838,9,5,Yes,1,5,12/28/2020
1429,6,1881,10,3,No,10,1,7/6/2020
1430,6,366,60,1,No,9,4,1/30/2019
1431,3,509,34,5,Yes,2,1,8/25/2020
1432,3,333,4,1,Yes,7,3,7/8/2020
1433,2,138,6,3,No,4,3,6/6/2018
1434,2,1846,17,3,Yes,1,2,6/20/2018
1435,2,1700,40,2,Yes,8,4,6/13/2020
1436,6,434,52,4,No,10,5,7/20/2019
1437,2,1769,40,4,No,7,5,8/22/2019
1438,2,483,40,5,Yes,7,4,3/4/2018
1439,11,1535,14,4,Yes,2,1,7/24/2017
1440,5,523,23,3,No,5,5,6/20/2019
1441,6,871,2,4,No,8,1,8/11/2019
1442,8,435,56,2,No,1,1,12/4/2018
1443,1,198,19,3,Yes,7,4,2/24/2018
1444,5,856,37,1,Yes,9,4,6/30/2020
1445,2,1071,27,1,Yes,6,5,6/28/2018
1446,5,1710,8,5,Yes,5,4,1/9/2019
1447,9,996,31,2,No,3,5,3/4/2018
1448,6,627,18,5,Yes,4,4,12/18/2019
1449,7,1294,18,3,Yes,3,3,9/17/2019
1450,7,1607,22,2,No,6,1,3/12/2019
1451,6,1883,32,3,Yes,5,1,11/7/2018
1452,1,518,42,5,Yes,2,5,12/4/2020
1453,5,96,25,1,No,4,1,10/22/2017
1454,5,1551,21,2,No,3,1,11/5/2020
1455,10,1680,51,5,No,2,4,11/25/2019
1456,11,1540,14,1,No,2,1,6/1/2019
1457,2,1795,2,1,No,2,4,3/12/2017
1458,12,641,51,3,No,7,2,12/8/2019
1459,10,48,21,2,Yes,8,2,3/20/2021
1460,2,1019,1,2,No,10,3,8/5/2019
1461,6,1673,17,5,Yes,3,2,1/4/2019
1462,5,760,28,5,No,2,1,3/3/2021
1463,4,1015,2,4,No,2,5,4/7/2019
1464,7,108,27,3,No,7,5,7/1/2019
1465,8,1373,31,3,Yes,2,1,8/3/2020
1466,12,480,12,4,Yes,2,5,10/15/2019
1467,5,1042,36,1,No,9,4,6/21/2017
1468,6,836,11,2,No,1,1,4/23/2020
1469,1,1440,34,5,Yes,4,2,2/28/2021
1470,9,53,52,2,Yes,6,5,6/8/2017
1471,8,945,34,1,Yes,5,2,10/21/2017
1472,5,1509,46,1,No,1,1,3/2/2017
1473,3,184,38,5,Yes,6,4,11/12/2018
1474,3,973,39,5,No,2,4,10/12/2020
1475,3,1480,13,2,No,4,4,1/30/2018
1476,8,1027,15,1,No,7,2,11/4/2018
1477,5,1041,49,3,No,5,1,6/13/2019
1478,9,1250,37,2,Yes,10,3,4/13/2017
1479,11,692,49,3,No,2,2,11/19/2020
1480,9,335,16,1,Yes,6,3,8/18/2017
1481,9,1520,32,5,No,4,5,11/15/2019
1482,6,467,18,2,No,3,5,11/28/2017
1483,3,1771,2,4,No,8,2,4/22/2017
1484,12,1941,48,4,Yes,10,4,5/6/2017
1485,4,1055,55,2,No,3,5,8/9/2018
1486,2,41,20,3,Yes,2,4,4/27/2019
1487,6,355,56,5,No,5,4,10/2/2020
1488,7,1813,18,4,Yes,6,3,4/29/2021
1489,2,1184,38,5,Yes,10,2,4/23/2018
1490,6,1462,14,3,No,7,3,9/17/2018
1491,12,1341,29,3,Yes,3,5,1/11/2021
1492,8,407,58,1,Yes,6,5,7/4/2017
1493,2,421,43,3,Yes,2,1,2/12/2019
1494,4,245,31,4,Yes,2,3,11/23/2019
1495,5,1803,45,1,Yes,9,5,1/14/2017
1496,1,1760,17,4,No,6,1,12/30/2020
1497,9,1259,43,4,No,10,1,11/25/2019
1498,9,965,51,5,No,8,3,1/11/2020
1499,12,91,29,2,Yes,9,4,1/8/2019
1500,2,875,7,1,Yes,2,1,7/7/2019
1501,9,88,5,3,Yes,8,2,7/24/2020
1502,6,1006,8,1,No,7,2,7/19/2019
1503,9,1576,21,3,Yes,10,3,11/8/2020
1504,2,1414,58,1,No,2,2,10/24/2017
1505,3,1293,38,4,Yes,1,2,7/11/2019
1506,5,16,58,2,No,3,4,7/4/2020
1507,1,1934,46,2,No,1,2,1/10/2018
1508,6,1391,24,3,Yes,1,5,8/27/2018
1509,6,1756,47,5,No,8,4,3/9/2019
1510,6,397,27,1,No,3,4,5/14/2018
1511,4,588,40,5,No,2,4,3/28/2017
1512,1,183,16,3,No,10,3,6/15/2019
1513,1,567,22,1,No,4,2,8/9/2017
1514,5,977,45,1,No,8,2,10/8/2020
1515,1,485,34,3,No,2,4,12/17/2018
1516,8,440,40,3,No,5,3,4/6/2020
1517,6,286,51,3,No,10,4,3/5/2018
1518,3,654,54,5,Yes,6,5,9/12/2020
1519,6,1757,27,4,Yes,4,5,10/8/2020
1520,7,675,14,5,Yes,8,1,4/26/2018
1521,11,1123,9,2,No,2,5,6/12/2019
1522,1,837,11,5,Yes,3,2,7/10/2017
1523,3,944,53,5,Yes,2,2,10/18/2017
1524,11,849,49,5,Yes,7,4,1/17/2020
1525,7,764,1,4,Yes,6,1,9/22/2020
1526,8,146,14,2,Yes,7,3,4/18/2020
1527,2,1418,12,2,Yes,10,2,9/15/2020
1528,4,145,48,4,Yes,7,2,8/7/2017
1529,8,1695,6,2,Yes,1,4,12/28/2020
1530,11,951,31,1,No,2,2,6/24/2018
1531,8,1151,34,4,Yes,8,2,11/11/2017
1532,9,590,19,3,Yes,8,1,5/14/2018
1533,4,1224,16,1,No,8,1,4/1/2017
1534,12,414,43,3,Yes,3,2,12/27/2019
1535,7,1955,22,1,Yes,8,1,12/12/2018
1536,9,1297,10,1,Yes,9,2,5/2/2017
1537,10,263,12,2,Yes,10,5,1/2/2018
1538,6,888,47,3,Yes,4,3,5/1/2019
1539,6,1752,10,2,Yes,10,4,8/16/2020
1540,9,1247,33,1,No,1,4,5/23/2017
1541,6,1933,32,5,No,8,1,9/11/2020
1542,12,1658,32,1,Yes,9,1,9/12/2018
1543,4,1267,36,3,No,1,2,3/4/2017
1544,1,1316,2,5,No,1,4,11/13/2017
1545,2,235,44,3,Yes,7,5,6/19/2018
1546,4,543,49,1,No,7,1,1/31/2017
1547,11,878,54,1,No,7,2,7/7/2017
1548,5,1295,44,2,No,5,2,2/24/2018
1549,10,1317,20,5,No,7,1,3/20/2020
1550,10,1681,24,3,No,5,3,5/16/2020
1551,4,1075,36,4,No,1,3,11/22/2020
1552,9,857,44,1,Yes,6,2,8/8/2017
1553,5,1639,37,2,Yes,6,2,9/16/2017
1554,12,349,38,3,No,1,2,9/20/2017
1555,3,759,40,1,Yes,7,1,10/19/2020
1556,12,1951,2,3,Yes,8,2,10/19/2020
1557,7,264,18,5,Yes,1,4,10/26/2020
1558,6,969,39,2,No,3,5,11/22/2017
1559,1,1909,8,4,No,1,1,1/18/2017
1560,3,35,18,5,Yes,10,2,12/19/2019
1561,11,1306,58,1,Yes,8,1,4/27/2021
1562,12,1237,47,4,Yes,4,5,1/21/2017
1563,7,1629,17,3,No,5,1,4/19/2017
1564,10,927,30,1,Yes,6,2,2/1/2019
1565,1,1482,41,3,Yes,1,5,11/8/2018
1566,12,68,55,3,No,2,4,5/8/2020
1567,2,1202,35,4,Yes,10,5,10/23/2017
1568,11,1310,19,5,Yes,7,2,7/11/2018
1569,6,1406,10,5,Yes,7,3,9/4/2019
1570,5,1127,41,2,Yes,9,4,10/2/2018
1571,12,1097,7,5,Yes,2,3,8/26/2020
1572,5,1777,7,1,Yes,2,5,1/30/2020
1573,8,50,36,2,Yes,6,3,10/16/2017
1574,8,544,31,1,No,3,1,12/29/2020
1575,2,889,20,4,Yes,1,3,9/11/2019
1576,10,1634,30,1,No,4,2,7/31/2017
1577,4,1900,6,5,Yes,7,3,9/9/2018
1578,3,86,50,2,No,7,2,5/12/2018
1579,7,230,1,2,Yes,2,4,2/20/2018
1580,2,936,29,1,No,3,3,5/18/2020
1581,9,504,35,4,Yes,7,5,8/3/2020
1582,9,375,23,2,Yes,1,1,12/10/2019
1583,1,1890,51,5,No,1,4,6/4/2017
1584,8,693,10,5,No,1,1,5/26/2021
1585,8,1886,43,2,No,7,1,12/27/2020
1586,3,714,17,1,Yes,2,2,12/22/2020
1587,3,1181,22,2,Yes,7,1,11/9/2020
1588,8,552,52,2,Yes,10,1,10/11/2018
1589,1,1258,35,3,No,8,3,4/14/2019
1590,6,232,31,1,No,4,2,3/6/2020
1591,6,537,24,3,No,5,1,1/27/2021
1592,9,70,60,3,Yes,2,4,3/12/2018
1593,3,1855,53,2,No,3,4,1/15/2019
1594,3,338,16,2,Yes,3,5,6/7/2019
1595,6,36,20,3,No,5,1,2/26/2018
1596,10,208,36,1,Yes,9,4,1/23/2020
1597,2,718,17,4,No,3,2,5/12/2020
1598,11,1028,25,2,Yes,9,5,8/22/2020
1599,2,340,34,3,Yes,7,3,8/31/2020
1600,4,1820,29,5,Yes,1,4,3/31/2021
1601,12,695,1,1,No,2,3,11/28/2018
1602,2,1261,60,3,Yes,1,1,2/18/2017
1603,5,773,31,5,Yes,4,2,7/24/2018
1604,5,1671,6,3,Yes,7,3,10/16/2019
1605,7,1011,58,2,No,1,4,7/9/2017
1606,12,1040,32,5,Yes,5,4,5/28/2020
1607,5,1288,37,1,Yes,9,1,12/20/2017
1608,3,1917,22,1,Yes,10,4,9/5/2018
1609,2,1516,13,1,No,10,5,4/29/2021
1610,8,427,50,5,Yes,9,2,9/29/2017
1611,11,1476,7,4,Yes,2,1,1/8/2020
1612,11,1172,8,4,Yes,8,2,1/12/2019
1613,11,1354,30,2,Yes,6,1,8/22/2019
1614,9,539,17,4,Yes,2,1,5/17/2021
1615,11,1026,43,3,Yes,2,4,5/8/2019
1616,12,916,33,2,No,2,2,4/21/2020
1617,3,1465,40,5,No,3,5,5/11/2020
1618,4,1763,41,5,No,4,1,1/3/2021
1619,11,201,19,5,No,5,2,1/3/2017
1620,8,584,53,3,No,8,2,8/28/2020
1621,5,885,49,2,No,10,1,9/18/2019
1622,11,1515,49,3,No,10,4,3/16/2019
1623,6,1329,59,3,Yes,6,2,10/5/2019
1624,8,419,27,2,No,7,1,8/19/2020
1625,10,1140,49,4,Yes,5,4,11/3/2018
1626,10,362,45,5,No,7,5,6/12/2017
1627,5,381,36,3,No,10,2,1/22/2019
1628,8,491,16,4,No,6,3,5/5/2019
1629,10,1403,4,2,No,2,2,4/12/2020
1630,3,1167,40,5,Yes,7,2,11/21/2017
1631,12,700,43,3,No,1,1,3/2/2017
1632,8,735,56,1,Yes,7,3,10/30/2020
1633,4,432,10,3,Yes,6,5,1/25/2019
1634,11,1868,30,1,No,1,5,7/20/2017
1635,6,295,15,3,No,1,4,8/26/2017
1636,9,1021,44,2,No,10,1,3/28/2018
1637,5,818,5,2,No,4,2,12/19/2019
1638,2,128,60,5,No,10,2,9/18/2020
1639,12,363,11,1,No,4,2,3/3/2020
1640,10,1315,20,3,Yes,1,4,6/3/2019
1641,10,1085,26,4,Yes,1,2,5/31/2018
1642,2,1893,47,3,Yes,4,1,10/21/2020
1643,11,1654,12,2,No,7,4,11/8/2018
1644,11,302,40,2,No,3,2,10/29/2020
1645,6,1399,48,1,No,7,3,9/11/2020
1646,8,1012,12,4,No,10,5,1/19/2019
1647,3,1100,25,2,Yes,6,4,10/13/2020
1648,6,576,23,2,Yes,10,3,3/14/2021
1649,1,1556,16,3,No,10,1,3/3/2018
1650,6,1959,41,1,Yes,10,3,2/18/2020
1651,1,565,19,4,No,4,4,5/31/2019
1652,7,792,1,5,Yes,2,2,10/13/2019
1653,5,1702,33,2,No,1,5,1/22/2020
1654,1,669,44,5,Yes,5,2,2/3/2020
1655,12,811,39,1,No,10,4,5/28/2020
1656,11,29,32,4,No,7,4,2/16/2021
1657,11,62,17,4,No,9,3,3/30/2019
1658,8,524,22,2,No,5,5,8/9/2020
1659,11,1701,25,5,No,9,4,1/25/2019
1660,3,276,47,2,No,9,3,7/12/2017
1661,1,1916,17,4,No,6,2,2/25/2019
1662,11,20,26,4,Yes,1,2,12/2/2020
1663,4,60,19,1,Yes,5,5,11/22/2017
1664,7,622,31,4,Yes,8,2,2/1/2018
1665,4,1175,58,5,No,5,5,2/20/2020
1666,5,114,1,2,Yes,6,3,9/22/2020
1667,1,390,2,5,Yes,9,3,9/10/2018
1668,8,1646,32,1,No,7,4,12/5/2019
1669,11,315,59,1,No,3,2,10/19/2017
1670,12,663,37,5,Yes,7,2,9/26/2020
1671,1,1745,6,1,Yes,4,4,10/30/2018
1672,5,104,59,2,No,9,5,9/7/2020
1673,11,1266,56,3,No,6,3,11/2/2018
1674,6,102,49,1,Yes,9,3,6/22/2019
1675,8,1139,55,2,No,5,4,2/22/2021
1676,5,707,55,3,Yes,1,3,4/13/2017
1677,8,173,44,1,No,10,3,11/18/2019
1678,7,1448,13,1,Yes,10,5,9/12/2017
1679,9,752,29,3,No,2,3,7/2/2017
1680,9,99,1,5,Yes,9,1,10/22/2019
1681,8,1469,14,2,No,10,4,7/24/2020
1682,6,1555,8,1,Yes,3,1,9/12/2019
1683,9,630,13,1,Yes,4,2,7/9/2019
1684,10,1504,10,1,No,3,3,12/18/2017
1685,12,1534,56,2,No,9,4,10/15/2020
1686,6,326,52,4,No,3,1,4/29/2021
1687,6,1303,20,2,Yes,9,5,3/19/2019
1688,11,1957,47,4,Yes,1,2,5/5/2018
1689,7,1093,60,5,No,10,4,2/7/2018
1690,4,897,12,4,Yes,6,2,12/18/2017
1691,7,189,37,1,No,2,3,3/21/2021
1692,11,722,17,1,Yes,9,3,10/15/2020
1693,2,248,36,1,Yes,4,5,3/2/2019
1694,12,1260,22,2,No,1,3,6/7/2020
1695,7,779,25,5,No,4,4,4/9/2019
1696,11,318,3,5,Yes,1,2,4/18/2017
1697,1,1954,32,3,No,8,5,1/18/2019
1698,8,1409,50,5,No,3,4,6/3/2018
1699,7,459,33,5,No,9,3,7/5/2017
1700,11,382,14,2,No,3,2,3/23/2017
1701,9,1798,16,4,No,4,3,6/6/2017
1702,12,1430,21,1,Yes,2,1,12/6/2018
1703,12,476,33,3,No,10,3,10/13/2017
1704,10,1435,44,2,Yes,10,5,9/25/2019
1705,12,1740,23,5,Yes,6,5,5/6/2020
1706,1,908,44,4,No,8,2,7/1/2018
1707,11,1337,33,3,Yes,2,2,4/11/2019
1708,4,156,14,5,Yes,4,3,7/22/2018
1709,2,720,33,2,No,7,4,2/16/2021
1710,1,1694,34,4,No,7,1,5/7/2018
1711,11,1573,12,1,Yes,9,3,10/24/2019
1712,2,1930,6,2,Yes,1,4,3/5/2020
1713,10,19,35,1,No,10,1,6/26/2019
1714,2,649,14,1,No,3,4,9/19/2020
1715,6,1010,45,2,No,2,3,3/17/2020
1716,2,1615,25,1,No,1,2,10/22/2019
1717,9,1302,18,2,No,9,4,3/1/2018
1718,6,1348,37,1,Yes,3,1,7/8/2018
1719,12,1270,17,4,No,2,3,1/31/2017
1720,7,1463,54,5,Yes,4,5,5/15/2020
1721,10,1209,33,1,Yes,10,1,3/8/2021
1722,6,959,4,5,No,5,5,6/25/2017
1723,8,1596,46,2,No,7,3,9/2/2020
1724,2,1835,43,2,No,5,2,2/19/2018
1725,1,1494,44,3,No,2,2,1/11/2018
1726,4,1444,3,2,No,3,5,8/4/2018
1727,11,1280,40,1,No,8,3,12/27/2020
1728,1,621,20,5,No,10,2,8/7/2019
1729,12,24,30,3,No,4,5,1/31/2017
1730,11,572,10,5,No,10,5,11/17/2020
1731,11,747,54,3,Yes,6,4,4/19/2021
1732,11,1541,56,5,Yes,7,1,1/27/2020
1733,8,659,48,5,Yes,7,2,6/2/2018
1734,11,181,36,4,Yes,3,5,8/2/2017
1735,9,1804,36,5,Yes,2,2,12/30/2018
1736,8,148,17,2,No,10,4,3/5/2020
1737,11,644,7,4,Yes,6,5,7/1/2017
1738,12,1366,58,4,No,10,3,2/21/2019
1739,5,617,55,4,Yes,3,5,1/22/2019
1740,4,1101,14,3,Yes,1,3,4/9/2019
1741,9,618,60,2,Yes,7,5,9/27/2018
1742,4,487,36,3,Yes,4,2,1/31/2019
1743,8,800,22,4,No,9,5,1/26/2020
1744,8,1344,30,2,No,8,1,12/13/2017
1745,11,540,22,2,No,7,1,6/1/2017
1746,6,1049,48,5,Yes,8,3,7/4/2019
1747,1,1529,22,5,No,5,4,7/2/2017
1748,12,115,59,3,Yes,1,1,1/4/2019
1749,5,827,40,5,No,10,5,7/10/2018
1750,7,1090,59,2,Yes,5,4,9/29/2020
1751,12,745,34,3,No,1,4,11/26/2018
1752,12,1487,55,2,No,4,4,10/24/2019
1753,1,1492,46,5,Yes,4,1,5/26/2019
1754,10,1552,52,5,Yes,10,2,6/13/2020
1755,4,1358,30,3,Yes,2,5,5/23/2018
1756,2,1850,10,1,Yes,4,3,3/29/2018
1757,12,167,35,5,Yes,2,3,5/29/2018
1758,2,1171,39,1,Yes,2,4,4/9/2021
1759,7,1838,11,4,No,6,5,6/15/2019
1760,4,1445,51,2,Yes,1,5,9/29/2019
1761,2,1378,59,4,No,2,1,12/2/2019
1762,6,1643,20,1,No,2,2,11/30/2020
1763,8,1667,6,2,No,10,5,9/10/2017
1764,11,1605,11,2,Yes,8,4,1/8/2020
1765,10,975,7,2,No,6,5,8/23/2020
1766,12,134,15,1,No,7,3,7/15/2018
1767,3,1653,47,4,No,10,4,2/5/2020
1768,6,124,43,4,Yes,10,4,6/26/2018
1769,2,1427,19,4,No,3,4,2/28/2021
1770,10,132,32,2,No,7,4,3/17/2017
1771,11,561,11,2,No,1,2,10/1/2019
1772,11,1057,19,1,Yes,4,4,4/24/2021
1773,11,733,57,5,Yes,6,2,6/13/2020
1774,7,1842,27,2,No,9,2,1/29/2018
1775,2,1755,35,3,Yes,3,1,1/16/2019
1776,9,12,42,4,No,4,1,7/17/2019
1777,11,510,28,3,Yes,1,2,5/8/2019
1778,1,763,26,2,No,4,2,1/26/2018
1779,5,645,15,5,Yes,9,3,5/21/2019
1780,12,1729,43,1,Yes,2,2,5/28/2017
1781,8,73,5,3,Yes,5,1,5/1/2019
1782,5,826,27,3,Yes,7,1,10/29/2019
1783,1,456,48,4,Yes,7,4,1/31/2018
1784,7,205,38,3,Yes,7,2,2/14/2018
1785,4,958,13,2,No,10,2,10/20/2019
1786,6,164,55,4,No,4,4,9/27/2017
1787,7,581,14,1,Yes,5,1,4/4/2021
1788,1,1472,43,4,Yes,2,3,4/5/2018
1789,8,1357,11,4,No,3,3,5/25/2019
1790,10,157,59,3,Yes,7,3,2/8/2017
1791,10,1670,44,5,No,9,1,11/26/2019
1792,5,787,6,4,Yes,4,4,3/18/2020
1793,8,767,56,2,No,8,3,4/12/2017
1794,11,1205,33,1,No,7,5,7/24/2019
1795,1,272,44,5,Yes,7,1,12/27/2018
1796,6,1727,19,1,No,2,2,5/7/2020
1797,4,608,45,3,No,3,5,1/17/2021
1798,12,1560,29,5,No,3,2,6/18/2018
1799,6,1761,53,2,Yes,4,5,5/12/2017
1800,8,1213,58,3,Yes,4,3,2/10/2020
1801,3,1826,17,5,No,8,3,1/8/2020
1802,6,1150,36,4,No,1,5,9/17/2017
1803,1,578,46,2,Yes,6,4,9/22/2020
1804,11,200,48,4,No,7,4,4/18/2021
1805,10,30,32,2,Yes,6,1,8/24/2019
1806,4,882,5,2,Yes,6,2,1/22/2018
1807,8,457,12,3,No,6,2,3/9/2019
1808,10,1499,13,3,Yes,4,3,10/6/2017
1809,3,1817,8,3,No,4,5,3/6/2020
1810,7,449,1,5,Yes,4,4,3/15/2018
1811,10,1432,42,1,No,8,4,2/20/2020
1812,6,1523,43,2,Yes,6,4,7/28/2017
1813,6,398,31,1,No,9,3,8/12/2017
1814,7,1319,2,3,No,8,4,3/29/2018
1815,9,1098,34,1,No,8,5,8/3/2020
1816,9,56,51,4,No,4,2,2/1/2019
1817,1,121,43,5,No,5,4,6/1/2019
1818,1,586,38,4,Yes,2,1,7/9/2019
1819,11,1845,18,2,No,7,4,8/1/2019
1820,1,80,34,1,Yes,6,5,8/28/2017
1821,7,1254,25,5,Yes,4,2,1/31/2019
1822,2,110,29,5,Yes,6,4,2/20/2017
1823,6,135,19,1,Yes,1,3,10/28/2020
1824,1,101,9,3,Yes,9,4,11/29/2020
1825,5,1604,41,1,Yes,2,1,6/21/2020
1826,6,1704,55,1,Yes,6,3,10/13/2019
1827,12,1216,36,2,Yes,10,1,7/18/2020
1828,7,31,37,5,No,4,5,7/1/2017
1829,11,1739,12,1,No,5,5,5/28/2020
1830,10,998,34,2,Yes,4,4,9/27/2020
1831,11,737,44,1,Yes,3,5,11/24/2020
1832,3,964,33,3,No,8,2,6/28/2020
1833,1,153,20,1,Yes,3,2,1/26/2019
1834,7,1938,48,5,Yes,3,3,2/3/2018
1835,12,577,47,5,Yes,10,3,3/7/2019
1836,10,288,42,2,Yes,9,3,10/30/2019
1837,9,281,10,1,Yes,5,5,10/15/2020
1838,10,1794,49,5,No,6,4,9/20/2020
1839,8,756,54,3,No,7,5,7/30/2020
1840,1,1642,44,4,No,6,1,4/3/2018
1841,3,1564,56,1,No,7,1,2/7/2021
1842,3,548,23,1,Yes,10,5,11/7/2017
1843,6,712,43,5,Yes,10,4,1/13/2021
1844,7,1496,14,1,No,3,2,8/6/2018
1845,4,26,38,3,Yes,5,3,4/25/2021
1846,1,159,20,1,No,10,2,11/8/2019
1847,9,1856,54,1,No,4,2,8/7/2017
1848,11,639,58,5,No,4,1,11/8/2020
1849,3,801,37,4,Yes,5,4,10/16/2020
1850,5,633,16,4,No,2,2,5/6/2019
1851,1,261,42,3,No,3,5,6/1/2019
1852,4,1645,13,2,Yes,8,1,10/9/2018
1853,3,172,8,1,Yes,10,3,5/2/2019
1854,4,1530,26,2,Yes,3,5,4/16/2021
1855,10,1179,8,5,Yes,1,4,12/1/2019
1856,10,224,49,4,Yes,2,1,2/1/2019
1857,9,1786,9,3,No,5,2,3/11/2018
1858,3,502,44,1,Yes,2,5,5/20/2021
1859,3,1043,5,5,Yes,7,2,5/20/2021
1860,2,717,4,2,No,6,3,9/6/2020
1861,7,443,20,4,No,10,5,5/25/2019
1862,5,1484,28,2,No,8,2,1/30/2021
1863,7,807,51,5,No,1,3,11/14/2018
1864,7,82,17,5,Yes,9,2,12/6/2017
1865,8,1697,37,4,Yes,1,3,4/18/2019
1866,6,1158,12,5,Yes,2,5,11/10/2020
1867,1,1901,54,1,No,1,5,4/1/2020
1868,11,689,26,3,Yes,5,1,8/15/2018
1869,4,848,38,5,No,8,2,5/8/2019
1870,4,1787,53,1,No,9,3,8/23/2017
1871,4,87,30,2,Yes,10,2,11/11/2019
1872,3,850,14,5,Yes,2,1,3/2/2020
1873,2,1711,25,3,Yes,5,3,10/8/2017
1874,12,351,4,2,Yes,5,1,1/4/2020
1875,1,1449,41,5,No,8,5,3/1/2019
1876,2,403,29,5,Yes,2,2,1/8/2020
1877,7,479,20,3,Yes,10,5,3/3/2017
1878,1,1563,43,3,No,3,5,8/7/2017
1879,11,384,54,3,Yes,10,4,3/8/2017
1880,3,1173,25,1,No,2,1,5/3/2018
1881,6,1865,24,4,Yes,1,4,11/3/2017
1882,11,637,20,3,No,7,3,3/29/2019
1883,4,238,42,4,Yes,8,4,5/14/2017
1884,6,643,9,3,Yes,1,5,7/11/2017
1885,12,460,48,2,No,9,2,9/18/2020
1886,7,1722,9,3,No,1,3,10/9/2018
1887,1,769,47,3,Yes,3,3,3/30/2021
1888,11,1922,41,5,Yes,1,3,5/2/2021
1889,3,1888,57,3,No,3,4,5/11/2021
1890,2,684,60,4,Yes,3,1,5/9/2017
1891,6,1241,58,3,No,1,5,2/15/2018
1892,7,190,32,5,Yes,2,2,2/15/2021
1893,12,217,28,2,No,2,2,10/10/2017
1894,3,1874,49,3,Yes,10,2,4/29/2018
1895,1,1943,36,1,Yes,5,4,5/9/2020
1896,3,367,53,1,Yes,9,4,7/21/2020
1897,6,665,6,5,No,7,1,11/17/2020
1898,12,1510,8,4,No,1,3,5/3/2018
1899,8,809,24,3,Yes,1,2,3/15/2017
1900,10,1231,24,2,Yes,4,3,3/24/2020
1901,12,225,48,2,Yes,8,1,11/4/2020
1902,9,867,32,1,Yes,10,1,1/3/2020
1903,1,638,57,3,Yes,10,2,11/26/2018
1904,3,1589,34,1,Yes,2,2,7/11/2019
1905,12,404,19,1,Yes,4,3,10/18/2018
1906,8,123,54,2,No,9,4,2/7/2021
1907,6,1785,51,4,No,5,1,12/26/2019
1908,11,685,18,5,Yes,1,3,4/26/2018
1909,1,228,16,5,Yes,9,4,1/19/2019
1910,7,1903,21,3,Yes,4,2,11/16/2019
1911,2,1226,16,3,Yes,4,2,11/4/2019
1912,4,237,28,4,No,9,5,11/21/2017
1913,10,865,33,5,No,8,2,9/16/2019
1914,1,1724,45,1,No,6,3,7/29/2019
1915,11,614,29,3,Yes,8,3,7/10/2020
1916,6,1194,5,2,No,1,4,6/21/2017
1917,10,1343,41,5,No,1,4,10/7/2018
1918,3,341,49,5,Yes,8,2,8/31/2020
1919,4,1818,10,2,No,9,4,12/1/2019
1920,8,545,54,5,Yes,8,4,2/24/2020
1921,6,1549,1,4,No,6,5,3/21/2021
1922,7,1479,41,5,No,7,5,5/19/2018
1923,3,823,42,2,No,8,3,3/22/2018
1924,12,358,22,4,No,1,4,9/3/2020
1925,6,462,49,3,No,1,5,8/3/2017
1926,5,774,34,1,Yes,3,4,4/29/2019
1927,8,526,26,5,Yes,5,3,4/12/2021
1928,11,1572,56,3,No,7,5,5/26/2019
1929,2,1076,3,4,Yes,7,2,2/11/2018
1930,11,290,51,1,Yes,1,2,1/5/2018
1931,11,8,7,4,No,3,4,6/29/2019
1932,6,1336,10,1,Yes,1,2,2/20/2017
1933,8,1467,40,2,Yes,7,2,5/7/2021
1934,1,490,15,4,No,5,2,5/22/2019
1935,12,1005,20,1,Yes,4,4,2/15/2019
1936,8,1233,40,1,Yes,1,4,2/10/2020
1937,7,1287,2,4,Yes,2,5,1/15/2019
1938,1,1849,43,4,Yes,2,1,10/24/2019
1939,6,701,26,1,Yes,1,5,8/15/2018
1940,9,1669,5,1,No,9,4,2/13/2017
1941,10,968,41,5,Yes,8,5,6/25/2020
1942,4,512,30,2,Yes,7,3,3/9/2021
1943,6,748,57,3,Yes,4,3,1/5/2021
1944,11,199,51,5,No,8,4,1/11/2020
1945,7,346,4,5,Yes,9,5,8/3/2020
1946,1,772,44,2,No,1,5,12/27/2017
1947,6,1477,20,1,No,1,5,6/10/2017
1948,3,1508,2,1,Yes,10,2,9/3/2018
1949,1,372,11,1,No,8,4,1/25/2021
1950,6,1620,8,2,No,9,3,9/24/2020
1951,10,592,52,5,Yes,8,2,3/15/2019
1952,7,468,39,3,No,5,3,7/26/2019
1953,2,843,30,3,Yes,8,2,2/3/2021
1954,2,694,24,1,Yes,1,5,8/12/2017
1955,1,1159,43,3,No,4,2,1/25/2020
1956,4,1199,47,2,No,1,2,8/29/2018
1957,8,422,13,5,No,5,2,2/17/2019
1958,4,193,41,3,No,2,2,6/21/2019
1959,9,1436,30,1,Yes,9,2,6/2/2020
1960,6,506,33,1,No,8,5,10/2/2018
1961,11,830,57,4,No,6,2,11/9/2019
1962,7,307,8,5,No,10,3,6/28/2020
1963,5,511,38,5,No,4,4,2/3/2017
1964,11,1061,51,4,No,10,3,7/13/2017
1965,9,1309,46,4,No,7,2,12/2/2017
1966,1,1439,13,4,No,5,5,11/12/2020
1967,4,90,42,5,Yes,2,3,3/24/2017
1968,10,1963,11,2,No,5,3,2/27/2021
1969,7,1961,41,5,Yes,1,1,8/12/2019
1970,7,1915,46,1,No,9,2,1/14/2018
1971,2,1754,27,2,Yes,9,3,3/14/2017
1972,11,1937,13,3,Yes,4,2,9/9/2018
1973,3,1362,43,2,Yes,8,3,12/14/2018
1974,5,209,42,2,No,9,4,1/3/2019
1975,2,1360,30,2,No,9,2,6/3/2018
1976,1,1725,25,1,No,9,3,2/10/2020
1977,7,1155,31,1,Yes,2,2,11/23/2019
1978,12,1905,37,5,Yes,7,4,2/23/2021
1979,6,823,54,1,No,5,5,6/16/2017
1980,10,1682,39,1,Yes,2,4,1/12/2021
1981,9,1885,32,1,No,10,2,4/9/2021
1982,6,55,10,3,Yes,7,1,2/14/2020
1983,9,891,43,5,Yes,3,4,5/4/2021
1984,5,212,48,5,Yes,2,5,9/7/2020
1985,3,197,10,4,No,4,5,11/29/2017
1986,11,804,18,2,No,10,2,9/23/2017
1987,12,348,39,4,No,9,4,11/29/2020
1988,8,1460,47,3,Yes,9,2,3/26/2021
1989,5,1103,42,3,No,4,3,2/3/2017
1990,7,1765,60,5,Yes,7,2,1/5/2019
1991,7,1248,22,4,No,4,2,4/17/2021
1992,2,1255,15,3,No,9,4,11/3/2019
1993,5,1325,36,3,No,1,4,9/8/2018
1994,4,130,24,1,Yes,8,1,10/25/2019
1995,4,558,46,5,No,2,4,2/18/2020
1996,7,580,51,4,Yes,10,4,3/18/2020
1997,6,853,17,5,No,1,1,9/17/2017
1998,3,133,49,5,Yes,9,5,3/26/2021
1999,6,851,52,1,No,2,3,2/16/2021
2000,8,1112,32,2,No,1,4,4/20/2020
